"name","id","address","website","school_type","school_type_entity","legal_status","fax","phone",""
"Grundschule ""Heinrich Heine"", Rostock","MV-75130301","Heinrich-Heine-Straße 3, 18119 Rostock","www.gs-heinrich-heine-warnemuende.de ","Grundschule",,,"0381/3755641","0381/52607",
"Grundschule ""Lütt Matten"", Rostock","MV-75130302","Turkuer Straße 59 a, 18107 Rostock","www.gs-luett-matten.repage5.de ","Grundschule",,,"0381/1284843","0381/713030",
"Grundschule ""Kleine Birke"", Rostock","MV-75130303","Kopenhagener Straße 3, 18107 Rostock",,"Grundschule",,,"0381/7787404","0381/711123",
"Grundschule ""Am Mühlenteich"", Rostock","MV-75130305","M.-Gorki-Straße 69, 18106 Rostock","www.gs-muehlenteich.repage2.de ","Grundschule",,,"0381/1284968","0381/7998603",
"Grundschule Schmarl, Rostock","MV-75130306","St.-Jantzen-Ring 5, 18106 Rostock",,"Grundschule",,,"0381/1217142","0381/1200917",
"Grundschule ""Am Taklerring"", Rostock","MV-75130308","Taklerring 44, 18109 Rostock",,"Grundschule",,,"0381/1215518","0381/1201063",
"St. Georg-Grundschule, Rostock","MV-75130311","St.-Georg-Straße 63c, 18055 Rostock","www.stgeorg-grundschule.de ","Grundschule",,,"0381/38141263","0381/38141260",
"Grundschule am Margaretenplatz, Rostock","MV-75130312","Barnstorfer Weg 21a, 18057 Rostock",,"Grundschule",,,"0381/2032809","0381/4923583",
"""Werner-Lindemann-Grundschule"", Rostock","MV-75130313","Elisabethstraße 27, 18057 Rostock","www.lindemann-schule.de ","Grundschule",,,"0381/38141083","0381/38141081",
"Grundschule ""Juri-Gagarin"", Rostock","MV-75130314","Joseph-Herzfeld-Straße  19, 18059 Rostock","www.grundschule-juri-gagarin.de ","Grundschule",,,"0381/4010034","0381/4010033",
"Grundschule ""Ostseekinder"", Rostock","MV-75130318","W.-Butzek-Straße 23, 18146 Rostock",,"Grundschule",,,"0381/6864879","0381/6864982",
"""Grundschule an den Weiden"",  Rostock-Toitenwinkel","MV-75130326","P.-Picasso-Straße 44, 18147 Rostock","www.grundschule-toitenwinkel.de ","Grundschule",,,"0381/6668062","0381/697093",
"Grundschule ""Rudolf Tarnow"", Rostock","MV-75130327","Ratzeburger Straße 9, 18109 Rostock","www.tarnowschule.de ","Grundschule",,,"0381/4405810","0381/715101",
"Grundschule ""John Brinckman"", Rostock","MV-75130342","V.-Grip-Weg 10a, 18055 Rostock","www.grundschule-brinckmansdorf.de","Grundschule",,,"0381/3643332","0381/695425",
"Gehlsdorfer Grundschule, Rostock","MV-75130343","Pressentinstraße 82, 18147 Rostock","www.grundschule-gehlsdorf.de","Grundschule",,,"0381/6664522","0381/699276",
"""Türmchenschule""  Reutershagen, Grundschule","MV-75130357","J.-Schehr-Straße 10, 18069 Rostock","www.tuermchenschule-hro.de","Grundschule",,,"0381/1288834","0381/82013",
"Grundschule Reutershagen ""Nordwindkinner""","MV-75130358","Mathias-Thesen-Straße 17, 18069 Rostock","www.grundschule-nordwindkinner.de","Grundschule",,,"0381/8087464","0381/8087463",
"""Schule am Schäferteich"" - Schule mit dem Förderschwerpunkt Lernen - Regionales Förderzentrum Toitenwinkel","MV-75230378","Pablo-Picasso-Straße 45, 18147 Rostock","www.schule-am-schaeferteich.de","Förderschule",,,"0381/6664967","0381/690283",
"Förderzentrum am Schwanenteich - Schule mit dem Förderschwerpunkt Lernen","MV-75230379","Kuphalstraße 78, 18069 Rostock","www.schuleamschwanenteich.de","Förderschule",,,"0381/8087337","0381/82370",
"""Heinrich-Hoffmann-Schule"" - Schule mit dem Förderschwerpunkt Unterricht kranker Schülerinnen und Schüler","MV-75230380","Gehlsheimer Straße 20, 18147 Rostock",,"Förderschule",,,"0381/6707152","0381/6707150",
"Förderzentrum an der Danziger Straße - Schule mit dem Förderschwerpunkt Lernen","MV-75230381","Danziger Straße 45, 18107 Rostock","www.foerderzentrum-danzigerstr.de","Förderschule",,,"0381/7787239","0381/713045",
"""Schule am Alten Markt"" - Schule mit dem Förderschwerpunkt Sprache","MV-75230383","Alter Markt 1, 18055 Rostock","www.sprachheilschule-rostock.de","Förderschule",,,"0381/38141033","0381/4008350",
"Schulzentrum Paul-Friedrich-Scheel-Schule - Schule mit dem Förderschwerpunkt körperliche und motorische Entwicklung und Grundschulteil","MV-75230384","Semmelweisstraße 3, 18059 Rostock","www.scheel-schule.de","Förderschule",,,"0381/4403422","0381/440340",
"""Warnowschule Rostock"" Schule mit dem Förderschwerpunkt geistige Entwicklung\nSchule zur individuellen Lebensbewältigung Rostock","MV-75230385","Helsinkier Straße 20, 18107 Rostock",,"Förderschule",,,"0381/2074940","0381/711429",
"Förderzentrum am Wasserturm - Schule mit dem Förderschwerpunkt emotionale und soziale Entwicklung","MV-75230388","Blücherstraße 42, 18055 Rostock",,"Förderschule",,,"0381/2079727","0381/712288",
"Schulcampus Evershagen, Kooperative Gesamtschule","MV-75330361","Thomas-Morus-Straße 1-3, 18106 Rostock","www.schulcampus-rostock.de","Kooperative Gesamtschule",,,"0381/7998862","0381/7998861",
"Integrierte Gesamtschule ""Borwinschule""","MV-75330372","Am Kabutzenhof 8, 18057 Rostock","www.borwinschule.de","Integrierte Gesamtschule",,,"0381/38141041","0381/2003553",
"Hundertwasser-Gesamtschule Rostock, Integrierte Gesamtschule","MV-75330374","Sternberger Straße 10, 18109 Rostock","www.hundertwasser-gesamtschule.de","Integrierte Gesamtschule",,,"0381/7691122","0381/711173",
"""Baltic-Schule"" Toitenwinkel\nIntegrierte Gesamtschule mit Regionaler Schule im Aufbau","MV-75330391","P.-Picasso-Straße 43, 18147 Rostock","www.igs-baltic-schule.de","Integrierte Gesamtschule mit Regionaler Schule im Aufbau",,,"0381/6664536","0381/697092",
"Gesamtschule Südstadt, Kooperative Gesamtschule","MV-75330392","Mendelejewstraße 12a, 18059 Rostock","www.kooperative-gesamtschule-südstadt.de","Kooperative Gesamtschule",,,"0381/40480014","0381/4048000",
"Jenaplanschule Rostock, Integrierte Gesamtschule mit Grundschule","MV-75330393","Lindenstraße 3a, 18055 Rostock","www.jenaplan-rostock.de","Integrierte Gesamtschule mit Grundschule",,,"0381/38141091","0381/2007523",
"Regionale Schule ""Heinrich-Schütz"", Rostock","MV-75430337","H.-Schütz-Straße 10a, 18069 Rostock","www.schuetz-schule-rostock.de","Regionale Schule",,,"0381/8002374","0381/83910",
"Regionale Schule ""Störtebeker-Schule"", Rostock","MV-75430348","Taklerring 43, 18109 Rostock","www.regionale-stoertebeker-schule.de","Regionale Schule",,,"0381/1215933","0381/1200928",
"Regionale Schule ""Nordlicht-Schule"", Rostock","MV-75430353","Ratzeburger Straße 9, 18109 Rostock","www.nordlicht-schule.de","Regionale Schule",,,"0381/2074355","0381/711066",
"Regionale Schule ""Otto-Lilienthal-Schule"", Rostock","MV-75430355","B.-von-Suttner-Ring 1 a, 18147 Rostock","www.lilienthalschule.de","Regionale Schule",,,"0381/6095040","0381/609500",
"Krusensternschule Rostock, Regionale Schule","MV-75430376","St.-Jantzen-Ring 6, 18106 Rostock","www.krusensternschule.de","Regionale Schule",,,"0381/1214286","0381/1214284",
"Erasmus-Gymnasium Rostock","MV-75530359","Kopenhagener Straße 3, 18107 Rostock","www.erasmus-ganztagsgymnasium.de","Gymnasium",,,"0381/7998754","0381/7998821",
"Gymnasium Reutershagen","MV-75530363","Mathias-Thesen-Straße 17, 18069 Rostock","www.gymnasium-reutershagen.de","Gymnasium",,,"0381/8087473","0381/82060",
"Innerstädtisches Gymnasium Rostock","MV-75530365","Goetheplatz 5, 18055 Rostock","www.isg-rostock.de","Gymnasium",,,"0381/38141013","0381/38141010",
"Käthe-Kollwitz-Gymnasium Rostock","MV-75530369","Heinrich-Tessenow-Straße 47, 18146 Rostock","www.musikgymnasium-kkg-rostock.de","Gymnasium",,,"0381/6095139","0381/609510",
"Abendgymnasium Rostock","MV-75530390","Goetheplatz 5, 18055 Rostock","www.abendgymnasiumrostock.de","Abendgymnasium",,,"0381/38141023","0381/38141020",
"Lessing-Grundschule Bad Doberan","MV-75135101","Beethovenstraße 3, 18209 Bad Doberan","www.lessing-grundschule-baddoberan.de","Grundschule",,,"038203/742299","038203/742290",
"Grundschule Bentwisch","MV-75135102","Stralsunder Straße 58, 18182 Bentwisch","www.grundschule-bentwisch.de","Grundschule",,,"0381/66673884","0381/66673855",
"Grundschule Dummerstorf","MV-75135105","Am Feldrain 16, 18196 Dummerstorf",,"Grundschule",,,"038208/82548","038208/280",
"""Ostsee-Grundschule""  Graal-Müritz","MV-75135107","Ostseering 24, 18181 Graal-Müritz",,"Grundschule",,,"038206/78192","038206/77288",
"Grundschule ""Am Mühlenberg"" Kröpelin","MV-75135109","Schulstraße 1, 18236 Kröpelin","www.grundchule-kroepelin.de","Grundschule",,,"038292/79847","038292/79846",
"Grundschule ""Fritz Reuter"" Kühlungsborn","MV-75135111","Hermannstraße 9, 18225 Kühlungsborn","www.grundschule-kborn.de","Grundschule",,,"038293/877295","038293/7767",
"Grundschule ""Am Hellbach"", Neubukow","MV-75135113","Panzower Weg 23a, 18233 Neubukow","www.grundschule-neubukow.de","Grundschule",,,"038294/16559","038294/78422",
"Grundschule "" De Likedeeler"", Rövershagen","MV-75135114","Schulstraße 6, 18182 Rövershagen",,"Grundschule",,,"038202/44577","038202/2096",
"Grundschule Lichtenhagen-Dorf","MV-75135116","Dorfstraße 40, 18107 Lichtenhagen","www.grundschule-lichtenhagen.de","Grundschule",,,"0381/7955281","0381/717125",
"Grundschule Sanitz","MV-75135117","Groß Lüsewitzer Weg 5, 18190 Sanitz","www.grundschule-sanitz.de","Grundschule",,,"038209/875028","038209/290",
"Grundschule an der Recknitz, Tessin","MV-75135119","Lange Straße 44, 18195 Tessin",,"Grundschule",,,"038205/13204","038205/13204",
"Grundschule Blankenhagen","MV-75135121","Schulweg 5, 18182 Blankenhagen","www.gs-blankenhagen.de","Grundschule",,,"038201/60649","038201/847",
"Grundschule Parkentin","MV-75135125","Rostocker Straße 22, 18209 Parkentin",,"Grundschule",,,"038203/735257","038203/63763",
"Grundschule an der Carbäk, Broderstorf","MV-75135137","An der Schule 32, 18184 Broderstorf",,"Grundschule",,,"038204/15235","038204/15235",
"Regenbogenkinder Grundschule Kritzmow","MV-75135138","Schulweg 1d, 18198 Kritzmow","www.regenbogenkinder.grundschule-kritzmow.de","Grundschule",,,"038207/769851","038207/769850",
"Grundschule Rerik","MV-75135140","Kröpeliner Straße 5, 18230 Rerik","www.grundschule-rerik.de","Grundschule",,,"038296/78235","038296/78237",
"Grundschule und Freizeithaus am Schlossplatz, Bützow","MV-75135304","Schlossplatz 3, 18246 Bützow",,"Grundschule",,,"038461/911280","038461/52006",
"Grundschule ""Johann Wolfgang von Goethe"", Gnoien","MV-75135306","Teterower Straße 11 b, 17179 Gnoien","www.grundschule-gnoien.de","Grundschule",,,"039971/30610","039971/12239",
"2. GS ""Fritz Reuter"", Güstrow","MV-75135309","Wendenstraße 14, 18273 Güstrow","www.fritz-reuter-schule-guestrow.de","Grundschule",,,"03843/218666","03843/213015",
"1. GS ""G. F. Kersting"", Güstrow","MV-75135310","Heiligengeisthof 4, 18273 Güstrow",,"Grundschule",,,"03843/680627","03843/682304",
"Grundschule Teterow","MV-75135317","Schulkamp 5, 17166 Teterow","www.grundschule-teterow.de","Grundschule",,,"03996/152853","03996/120640",
"Grundschule am Schmooksberg, Diekhof","MV-75135331","Karl-Hawermann-Straße 12b, 18299 Diekhof",,"Grundschule",,,"038455/20664","038455/20654",
"3. GS ""Schule am Hasenwald"", Güstrow","MV-75135335","Hafenstraße 13, 18273 Güstrow",,"Grundschule",,,"03843/683074","03843/684046",
"Grundschule Lüssow","MV-75135343","Schwaaner Straße 38, 18276 Lüssow",,"Grundschule",,,"03843/219639","03843/214195",
"Grundschule Warnow","MV-75135347","Mühlenstraße 84, 18249 Warnow",,"Grundschule",,,"038462/28244","038462/24248",
"Schule mit dem Förderschwerpunkt Lernen Bad Doberan","MV-75235147","Bollhäger Weg 2, 18209 Bad Doberan","www.foerderzentrum-doberan.de","Förderschule",,,"038203/14606","038203/62575",
"Schule mit den Förderschwerpunkten Lernen und geistige Entwicklung Graal-Müritz","MV-75235148","Dr.-Leber-Straße 14, 18181 Graal-Müritz",,"Förderschule",,,"038206/77813","038206/772 12",
"Schule mit dem Förderschwerpunkt geistige Entwicklung Bad Doberan","MV-75235151","Ehm-Welk-Straße 26, 18209 Bad Doberan",,"Förderschule",,,"038203/735254","038203/65202",
"Förderzentrum Bützow - Schule mit dem Förderschwerpunkt Lernen","MV-75235355","Dr.-Winckler-Straße, 18246 Bützow",,"Förderschule",,,"038461/69015","038461/69013",
"Schule mit dem Förderschwerpunkt Lernen","MV-75235357","Ahornpromenade 1, 18273 Güstrow","www.foerderschule-guestrow.de","Förderschule",,,"03843/245443","03843/331044",
"Schule mit den Förderschwerpunkten Lernen und geistige Entwicklung","MV-75235358","Niels-Stensen-Straße 4, 17166 Teterow",,"Förderschule",,,"03996/140729","03996/172065",
"Landesförderzentrum für den Förderschwerpunkt ""Hören"" M-V","MV-75235359","Plauer Chaussee 6, 18273 Güstrow","www.lfz-hoeren-mv.de","Förderschule",,,"03843/831326","03843/83130",
"""Schulzentrum Kühlungsborn""\nVerb. Regionale Schule und Gymnasium","MV-75335143","Neue Reihe 73a, 18225 Kühlungsborn","www.schulzentrum-kborn.de","Kooperative Gesamtschule",,,"038293/14844","038293/7292",
"Verb. Regionalschule und Gymnasium Rövershagen - Europaschule","MV-75335145","Köhlerstrat 9, 18182 Rövershagen","www.rsg-roev.de","Kooperative Gesamtschule",,,"038202/36117","038202/36116",
"RecknitzCampus Laage, Kooperative Gesamtschule mit Grundschule ","MV-75335321","Schulstraße 13, 18299 Laage","www.recknitzcampus.de","Kooperative Gesamtschule mit Grundschule",,,"038459/667829","038459/66780",
"Regionale Schule Dummerstorf","MV-75435123","Am Feldrain 16, 18196 Dummerstorf","www.regionale-schule-dummerstorf.de","Regionale Schule",,,"038208/60207","038208/594",
"Regionale Schule mit Grundschule Rethwisch","MV-75435126","Schulstraße 5, 18211 Rethwisch","www.schule-rethwisch.de","Regionale Schule mit Grundschule",,,"038203/81130","038203/81130",
"Regionale Schule ""Heinrich Schliemann""","MV-75435130","Panzower Weg 38, 18233 Neubukow","www.schliemannschule.de","Regionale Schule",,,"038294/78870","038294/78257",
"Regionale Schule Sanitz","MV-75435131","John-Brinckman-Straße 16, 18190 Sanitz","www.RegionaleSchuleSanitz.de","Regionale Schule",,,"038209/49868","038209/241",
"Regionale Schule mit Grundschulteil Schwaan","MV-75435132","Rudolf-Breitscheid-Straße 16, 18258 Schwaan","www.schule-schwaan.de","Regionale Schule mit Grundschule",,,"03844/813736","03844/813695",
"Regionale Schule ""Anne Frank"", Tessin","MV-75435133","St. Jürgen-Straße 61, 18195 Tessin","www.anne-frank-schule-tessin.de","Regionale Schule",,,"038205/78702","038205/13323",
"Regionale Schule ""Am Kamp"", Bad Doberan","MV-75435135","Beethovenstraße 1, 18209 Bad Doberan","www.kampschule.de","Regionale Schule",,,"038203/736683","038203/62062",
"Regionale Schule mit Grundschule  Buchenberg, Bad Doberan","MV-75435136","Ehm-Welk-Straße 24, 18209 Bad Doberan",,"Regionale Schule mit Grundschule",,,"038203/734593","038203/65206",
"Regionale Schule mit Grundschule ""Warnowschule"", Papendorf","MV-75435139","Schulstraße 5, 18059 Papendorf","www.warnowschule.de","Regionale Schule mit Grundschule",,,"0381/4003902","0381/4000355",
"Regionale Schule mit Grundschule ""Schule am See"", Satow","MV-75435141","Seestraße 9, 18239 Satow","www.schule-satow.repage8.de","Regionale Schule mit Grundschule",,,"038295/777914","038295/77790",
"Käthe-Kollwitz-Schule, Regionale Schule, Bützow","MV-75435320","Dr.-Winkler-Straße 1, 18246 Bützow",,"Regionale Schule",,,"038461/52295","038461/2396",
"2. Regionale Schule ""Richard Wossidlo"", Güstrow","MV-75435322","Trotschestraße 8, 18273 Güstrow","www.wossidloschule-guestrow.de","Regionale Schule",,,"03843/680633","03843/681093",
"Warbel-Schule Gnoien, Regionale Schule","MV-75435328","Schützenplatz 10, 17179 Gnoien","www.warbel-schule-gnoien.de","Regionale Schule",,,"039971/30611","039971/12117",
"Regionale Schule mit Grundschule Bernitt","MV-75435330","Schulstraße 7, 18249 Bernitt","www.schule-bernitt.de","Regionale Schule mit Grundschule",,,"038464/22858","038464/20250",
"5. Regionale Schule ""Schule am Inselsee"", Güstrow","MV-75435333","Werner-Seelenbinder-Straße 1, 18273 Güstrow","www.schule-am-inselsee.de","Regionale Schule mit Grundschule",,,"03843/344567","03843/331142",
"3. Regionalschule ""Thomas Müntzer"", Güstrow","MV-75435334","Wendenstraße 13, 18273 Güstrow","www.thomas-muentzer-schule-guestrow.de","Regionale Schule",,,"03843/211123","03843/214075",
"Johann-Heinrich-von-Thünen-Schule \nRegionale Schule mit Grundschule, Jördenstorf","MV-75435338","Klenzer Weg 6, 17168 Jördenstorf",,"Regionale Schule mit Grundschule",,,"039977/30314","039977/30224",
"Regionale Schule Krakow am See mit Grundschule","MV-75435339","Dobbiner Chaussee 7, 18292 Krakow am See","www.schule-kas.de","Regionale Schule mit Grundschule",,,"038457/22242","038457/22241",
"Johann-Pogge-Schule, Regionale Schule mit Grundschule, Lalendorf","MV-75435341","Schulstraße 15, 18279 Lalendorf","www.schule-lalendorf.de","Regionale Schule mit Grundschule",,,"038452/22347","038452/20241",
"Regionale Schule Teterow","MV-75435346","Straße der Freundschaft 5, 17166 Teterow","www.teterow.de","Regionale Schule",,,"03996/158618","03996/158600",
"Regionale Schule mit Grundschule Zehna","MV-75435348","Dorfstraße 49, 18276 Zehna","www.schule-zehna.de","Regionale Schule mit Grundschule",,,"038458/20234","038458/20214",
"Friderico-Francisceum, Gymnasium Bad Doberan","MV-75535142","Alexandrinenplatz 11, 18209 Bad Doberan","www.ffg-dbr.de","Gymnasium",,,"038203/17149","038203/62395",
"Gymnasium Sanitz","MV-75535146","Groß Lüsewitzer Weg 4, 18190 Sanitz","www.gymnasium-sanitz.de","Gymnasium",,,"038209/80493","038209/80492",
"Geschwister-Scholl-Gymnasium Bützow","MV-75535349","Dr.-Winckler-Straße, 18246 Bützow","www.Gymnasiumbuetzow.de","Gymnasium",,,"038461/52295","038461/4301",
"Gymnasium ""John Brinckman"", Güstrow","MV-75535351","Am Wall 6, 18273 Güstrow","www.brinckmann.de","Gymnasium",,,"03843/686697","03843/686693",
"Europaschule Gymnasium Teterow","MV-75535354","Constantin-Kirchhoff-Straße 6, 17166 Teterow","www.egt-mv.de","Gymnasium",,,"03996/120685","03996/120683",
"Grundschule Balow","MV-75135402","Am Wirtschaftshof 10, 19300 Balow",,"Grundschule",,,"038752/80713","038752/80713",
"Grundschule ""An den Eichen"", Boizenburg","MV-75135403","R.-Breitscheid-Straße 32, 19258 Boizenburg/Elbe",,"Grundschule",,,"038847/62168","038847/54310",
"Grundschule Ludwig Reinhard, Boizenburg","MV-75135404","An der Quöbbe 10, 19258 Boizenburg/Elbe","www.ludwig-reinhard-grundschule.de","Grundschule",,,"038847/37880","038847/54322",
"Grundschule Eldena","MV-75135407","Ludwigsluster Straße 16, 19294 Eldena",,"Grundschule",,,"038755 33533","038755/20257",
"Grundschule Gammelin","MV-75135408","Schulstraße 5, 19230 Gammelin",,"Grundschule",,,"038850/443","038850/427",
"Grundschule ""Eldekinder"", Grabow","MV-75135410","Hufenweg 2a, 19300 Grabow","www.grundschule-eldekinder.de","Grundschule",,,"038756/28968","038756/28961",
"Grundschule Kummer","MV-75135412","Schulstraße 5a, 19288 Kummer","www.grundschule-kummer.de","Grundschule",,,"038751/339800","038751/20712",
"Grundschule ""Fritz Reuter"", Ludwigslust","MV-75135415","Kanalstraße 26, 19288 Ludwigslust","www.grundschule-ludwigslust.de","Grundschule",,,"03874/6637941","03874/23101",
"Grundschule Malliß","MV-75135418","Schulstraße 1, 19294 Malliß",,"Grundschule",,,"038750/22490","038750/20021",
"Grundschule ""Viktor Bausch"", Neu Kaliß","MV-75135419","Schulstraße 29, 19294 Neu Kaliß",,"Grundschule",,,"038758/36632","038758/26270",
"Grundschule J. W. v. Goethe"", Neustadt-Glewe","MV-75135420","Ernst-Thälmann-Straße 22, 19306 Neustadt-Glewe",,"Grundschule",,,"038757/22825","038757/55430",
"Grundschule Pampow","MV-75135422","Fährweg 8, 19075 Pampow","www.grundschule-pampow.de","Grundschule",,,"03865/787912","03865/787910",
"Grundschule Ludwigslust","MV-75135424","Schulstraße 5, 19288 Ludwigslust","www.grundschule-techentin.de","Grundschule",,,"03874/444060","03874/22405",
"Grundschule ""Boizetal"" Gresse","MV-75135439","Zarrentiner Straße 14, 19258 Gresse","www.grundschule-gresse.de","Grundschule",,,"038842/21281","038842/21204",
"GS ""Mühlenteich"", Hagenow","MV-75135442","Schulstraße 5, 19230 Hagenow","www.stadtschule-hagenow.de","Grundschule",,,"03883/614525","03883/61450",
"Grundschule Wöbbelin","MV-75135450","Neue Straße 18, 19288 Wöbbelin",,"Grundschule",,,"038753/80791","038753/80791",
"Grundschule ""Am Friedensring"", Wittenburg","MV-75135452","Friedensring 70, 19243 Wittenburg",,"Grundschule",,,"038852/53541","038852/52220",
"Grundschule ""Dr. Otto Steinfatt"", Wittenförden","MV-75135453","Schulstraße 4, 19073 Wittenförden",,"Grundschule",,,"0385/6470742","0385/6470226",
"Grundschule Brüel","MV-75136001","Vogelstangenberg 6, 19412 Brüel",,"Grundschule",,,"038483/293013","038483/293010",
"Grundschule ""Wilhelm Busch"", Cambs","MV-75136002","Retgendorfer Weg 26, 19067 Cambs","www.grundschule-cambs.de","Grundschule",,,"03866/839369","03866/369",
"Grundschule ""Fritz Reuter"", Crivitz","MV-75136003","Schulstraße 1, 19089 Crivitz","www.grundschule-crivitz.de","Grundschule",,,"03863/502097","03863/333540",
"Grundschule Dabel","MV-75136005","Am Mattenstieg 1K, 19406 Dabel",,"Grundschule",,,"038458/50402","038485/20242",
"Grundschule Domsühl","MV-75136007","Parchimer Straße 39, 19374 Domsühl","www.Grundschule.Domsuehl.de","Grundschule",,,"038728/22565","038728/22547",
"Grundschule Groß Godems","MV-75136008","Lange Straße 15, 19372 Groß Godems",,"Grundschule",,,"038725/55443","038725/20282",
"ORI-Grundschule Leezen","MV-75136009","Lindenallee 10, 19067 Leezen","www.ori-grundschule-leezen.de","Grundschule",,,"03866/470247","03866/284",
"Grundschule Lübz","MV-75136010","Schützenstraße 35, 19386 Lübz","www.grundschule-luebz.de","Grundschule",,,"038731/22725","038731/22725",
"Grundschule Matzlow","MV-75136012","Parchimer Straße 9, 19372 Matzlow","www.gs.matzlow.de","Grundschule",,,"038726/22874","038726/80101",
"Grundschule Mestlin","MV-75136013","Marx-Engels-Platz 2, 19374 Mestlin",,"Grundschule",,,"038727/81337","038727/81337",
"Grundschule ""Adolf Diesterweg"", Parchim","MV-75136014","Mönchhof 7, 19370 Parchim",,"Grundschule",,,"03871/602854","03871/212709",
"Grundschule ""West"", Parchim","MV-75136015","Hans-Beimler-Straße 24b, 19370 Parchim","www.grundschulewest-parchim.de","Grundschule",,,"03871/421288","03871/441006",
"Grundschule ""Goethe"", Parchim","MV-75136016","Wallallee 1, 19370 Parchim",,"Grundschule",,,"03871/6069729","03871/602756",
"Grundschule ""Kantor Carl Ehrich"", Plau am See","MV-75136018","Lange Straße 25, 19395 Plau am See","www.gs-kantor-carl-ehrich.de","Grundschule",,,"038735/49608","038735/44320",
"Grundschule ""Alexander Behm"", Sternberg","MV-75136021","Finkenkamp 17, 19406 Sternberg","www.grundschule-sternberg.de","Grundschule",,,"03847/311951","03847/2622",
"Grundschule Sukow","MV-75136023","Hauptstraße 16, 19079 Sukow","www.grundschule-sukow.de","Grundschule",,,"03861/302026","03861/2701",
"Grundschule Passow","MV-75136033","Charlottenhofer Weg 57A, 19386 Passow",,"Grundschule",,,"038731/20987","038731/24036",
"Grundschule Plate","MV-75136034","Fr.-Wehmer-Straße 52, 19086 Plate","www.naturgrundschule-plate.de","Grundschule",,,"03861/300891","03861/2024",
"Grundschule ""John Brinckman"", Goldberg","MV-75136054","Schützenplatz 2, 19399 Goldberg",,"Grundschule",,,"038736/40834","038736/40756",
"Förderschule mit den Förderschwerpunkten Lernen und geistige Entwicklung Boizenburg","MV-75235463","Theodor-Körner-Straße 5, 19258 Boizenburg/Elbe","www.schule-bzbg.de","Förderschule",,,"038847/297927","038847/297920",
"Diesterwegschule Hagenow; Schule mit dem Förderschwerpunkt Lernen","MV-75235465","Bahnhofstraße 130, 19230 Hagenow",,"Förderschule",,,"03883/727042","03883/727042",
"Förderschule ""Johann-Heinrich-Pestalozzi"" Ludwigslust; Schule mit dem Förderschwerpunkt Lernen","MV-75235466","J.-Gillhoff-Straße 17, 19288 Ludwigslust",,"Förderschule",,,"03874/666801","03874/22029",
"Förderschule mit dem Förderschwerpunkt geistige Entwicklung Hagenow","MV-75235469","Bahnhofstraße 132, 19230 Hagenow",,"Förderschule",,,"03883/641456","03883/724101",
"Schule an der Bleiche Ludwigslust; Schule mit dem Förderschwerpunkt geistige Entwicklung","MV-75235470","Fr.-Naumann-Allee 37, 19288 Ludwigslust",,"Förderschule",,,"03874/3206669","03874/21922",
"Schule am Neuen Teich Lübz - Schule mit dem Förderschwerpunkt Lernen","MV-75236063","Neuer Teich 1, 19386 Lübz",,"Förderschule",,,"038731/21192","038731/22838",
"Pestalozzischule - Schule mit dem Förderschwerpunkt Lernen, Parchim","MV-75236064","Brunnenstraße 21, 19370 Parchim",,"Förderschule",,,"03871/451414","03871/212796",
"Schule am Alten Hafen Parchim - Schule mit dem Förderschwerpunkt geistige Entwicklung","MV-75236065","Ziegendorfer Chaussee 11, 19370 Parchim","www.sfg-parchim.de","Förderschule",,,"03871/4689873","03871/443132",
"Schule mit den Förderschwerpunkten Lernen und geistige Entwicklung Sternberg","MV-75236067","Am Berge 3a, 19406 Sternberg",,"Förderschule",,,"03847/435333","03847/435330",
"Gymnasiales Schulzentrum ""Felix Stillfried"", Stralendorf","MV-75335447","Schulstraße 4, 19073 Stralendorf","www.schulzentrum-stralendorf.de","Kooperative Gesamtschule mit Grundschule",,,"03869/7809809","03869/7437",
"Gymnasiales Schulzentrum ""Fritz Reuter"" Dömitz","MV-75335456","Roggenfelder Straße 30A, 19303 Dömitz","www.schulzentrum-doemitz.de","Kooperative Gesamtschule mit Grundschule und Förderschule",,,"038758/3554100","038758/35540",
"Gymnasiales Schulzentrum Wittenburg","MV-75335462","Lindenstraße 13, 19243 Wittenburg","www.schulzentrum-wittenburg.de","Kooperative Gesamtschule",,,"038852/52500","038852/8080",
"Verbundene Regionale Schule und Gymnasium Sternberg","MV-75336062","Seestraße 1a, 19406 Sternberg","www.kgs-sternberg.de","Kooperative Gesamtschule",,,"03847/4353443","03847/435340",
"Regionale Schule Friedrich Rohr, Grabow","MV-75435431","Prislicher Straße 23, 19300 Grabow","www.regionale-schule-grabow.de","Regionale Schule",,,"038756/22353","038756/22352",
"Regionale Schule ""P. J. Lenné"", Ludwigslust","MV-75435433","Rennbahnweg 1, 19288 Ludwigslust","www.lenne-schule-ludwigslust.de","Regionale Schule",,,"03874/665230","03874/29162",
"Regionale Schule mit Grundschule ""Lindenschule"", Lübtheen","MV-75435434","Rudolf-Breitscheid-Straße 30, 19249 Lübtheen",,"Regionale Schule mit Grundschule",,,"038855/785189","038855/785180",
"Regionale Schule Malliß","MV-75435435","Schulstraße 1, 19294 Malliß","www.malliss.com","Regionale Schule",,,"038750/22490","038750/20292",
"Regionale Schule ""Karl-Scharfenberg-Schule"", \nNeustadt-Glewe","MV-75435437","Laascher Straße 57, 19306 Neustadt-Glewe",,"Regionale Schule",,,"038757/33114","038757/33113",
"Regionale Schule ""Rudolf Tarnow"", Boizenburg","MV-75435438","R.-Markmann-Straße 59, 19258 Boizenburg/Elbe","www.tarnow-schule-boizenburg.de","Regionale Schule",,,"038847/624870","038847/54312",
"Regionale Schule ""Prof. Dr. Friedrich Heincke"", Hagenow","MV-75435441","Möllner Straße 12, 19230 Hagenow","www.rs-2-hgn.de","Regionale Schule",,,"03883/618555","03883/723012",
"Regionale Schule mit Grundschule ""Europaschule"", Hagenow","MV-75435443","Kießender Ring 6, 19230 Hagenow","www.europaschule-hagenow.eu","Regionale Schule mit Grundschule",,,"03883/724943","03883/721029",
"Regionale Schule mit Grundschule ""Theodor Körner"", Picher","MV-75435445","Hagenower Straße 7a, 19230 Picher","www.schulepicher.eu","Regionale Schule mit Grundschule",,,"038751/21203","038751/20234",
"Regionale Schule mit Grundschule ""Dr. Ernst Alban"", Rastow","MV-75435446","Schulstraße 5, 19077 Rastow","www.schule-rastow.de","Regionale Schule mit Grundschule",,,"03868/292","03868/300683",
"Regionale Schule mit Grundschule, Vellahn","MV-75435449","Schulstraße 2, 19260 Vellahn","www.vellahn-regionale-schule.de","Regionale Schule mit Grundschule",,,"038848/22418","038848/20209",
"Regionale Schule mit Grundschule ""Fritz Reuter"", Zarrentin","MV-75435454","Rosenstraße 27, 19246 Zarrentin","www.schule-zarrentin.de","Regionale Schule mit Grundschule",,,"038851/81131","038851/81130",
"Regionale Schule ""J. W. v. Goethe"", Parchim","MV-75436031","Wallallee 1, 19370 Parchim","www.goetheschule-parchim.de","Regionale Schule",,,"03871/212424","03871/4226590",
"Regionale Schule Brüel","MV-75436035","Vogelstangenberg 6, 19412 Brüel","www.regionale-schule-brueel.de","Regionale Schule",,,"038483/293013","038483/293030",
"Regionale Schule ""Am Mühlenberg"", Cambs","MV-75436036","Retgendorfer Weg 24, 19067 Cambs",,"Regionale Schule",,,"03866/80719","03866/326",
"Regionale Schule Crivitz","MV-75436037","Straße der Freundschaft 19 a, 19089 Crivitz","www.regionalschule-crivitz.de","Regionale Schule",,,"03863/502422","03863/50240",
"Regionale Schule ""Eldetalschule"", Domsühl","MV-75436040","Parchimer Straße 39, 19374 Domsühl","www.eldetalschule.de","Regionale Schule",,,"038728/22565","038728/20236",
"Regionale Schule Lübz","MV-75436041","Schützenstraße 35, 19386 Lübz","www.regionale-schule-luebz.de","Regionale Schule",,,"038731/36606","038731/22602",
"Regionale Schule mit Grundschule Marnitz","MV-75436042","Mooster Straße 10, 19376 Marnitz","www.schule-marnitz.de","Regionale Schule mit Grundschule",,,"038729/29099","038729/29097",
"Regionale Schule ""Fritz Reuter"", Parchim","MV-75436045","Mönchhof 6, 19370 Parchim","www.fritzreuterschule-pch.de","Regionale Schule",,,"03871/450320","03871/212818",
"Regionale Schule Schule ""Am Klüschenberg"", Plau am See","MV-75436047","Wittstocker Weg 10c, 19395 Plau am See","www.schule-plau.de","Regionale Schule",,,"038735/41153","038735/40884",
"Regionale Schule Banzkow","MV-75436051","An der Lewitzmühle 82, 19079 Banzkow","www.schule-banzkow.de","Regionale Schule",,,"03861/302604","03861/7101",
"Regionale Schule ""Walter Husemann"", Goldberg","MV-75436055","J.-Brinckman-Straße 39, 19399 Goldberg","www.whs-goldberg.de","Regionale Schule",,,"038736/42640","038736/41805",
"Gymnasium ""Elbe-Gymnasium"", Boizenburg","MV-75535455","Ludwig-Reinhard-Straße 21, 19258 Boizenburg/Elbe","www.elbe-gymnasium.de","Gymnasium",,,"038847/8111","038847/8110",
"Robert-Stock-Gymnasium, Hagenow","MV-75535458","Möllner Straße 14, 19230 Hagenow","www.rsg-hgn.de","Gymnasium",,,"03883/66106","03883/66105",
"Goethe-Gymnasium, Ludwigslust","MV-75535459","Christian-Ludwig-Straße 3, 19288 Ludwigslust","www.gymnasium-ludwigslust.de","Gymnasium",,,"03874/428020","03874/42800",
"Gymnasium Am Sonnenberg, Crivitz","MV-75536059","Am Sonnenberg 1, 19089 Crivitz","www.gymcrivitz.de","Gymnasium",,,"03863/5424111","03863/54240",
"Gymnasium ""Eldenburg"", Lübz","MV-75536060","Blücher Straße 22a, 19386 Lübz","www.eldenburg-gymnasium.de","Gymnasium",,,"038731/20016","038731/22686",
"Friedrich-Franz-Gymnasium, Parchim","MV-75536061","Ziegendorfer Chaussee 71/74, 19370 Parchim","www.gymnasium-parchim.de","Gymnasium",,,"03871/444159","03871/441010",
"Grundschule  Mitte ""Uns Hüsung"", Neubrandenburg","MV-75130201","Katharinenstraße 1, 17033 Neubrandenburg","www.gs-mitte-nb.de ","Grundschule",,,"0395/5551151","0395/5551101",
"Grundschule Süd, Neubrandenburg","MV-75130203","Werner-Seelenbinder-Straße 1, 17033 Neubrandenburg",,"Grundschule",,,"0395/5551770","0395/5551765",
"Grundschule  Ost ""H. Ch. Andersen"" Europaschule, Neubrandenburg","MV-75130205","Robert-Koch-Straße 52, 17036 Neubrandenburg",,"Grundschule",,,"0395/5551197","0395/5551188",
"Grundschule Datzeberg, Neubrandenburg","MV-75130210","Rasgrader Straße 4, 17034 Neubrandenburg","www.gs-datzeberg.de ","Grundschule",,,"0395/5551709","0395/5551701",
"Grundschule Nord ""Am Reitbahnsee"", Neubrandenburg","MV-75130211","Traberallee 18, 17034 Neubrandenburg",,"Grundschule",,,"0395/5551951","0395/5551941",
"Grundschule West ""Am See"", Neubrandenburg","MV-75130213","Dükerweg 2, 17033 Neubrandenburg","www.gs-west-am-see.de ","Grundschule",,,"0395/5551175","0395/5551141",
"Grundschule Altentreptow","MV-75135201","Karlsplatz 7, 17087 Altentreptow",,"Grundschule",,,"03964/212937","03961/212936",
"Grundschule Dargun","MV-75135202","Am Sportplatz 18, 17159 Dargun","www.schulen-dargun.de","Grundschule",,,"039959/27960","039959/20353",
"Grundschule ""Heinrich Zille"", Demmin","MV-75135203","Am Klinkenberg 2, 17109 Demmin","www.gsheinrichzille.homepage.t-online.de","Grundschule",,,"03998/2585855","03998/222055",
"Grundschule Mölln","MV-75135210","Schulstraße 1, 17091 Mölln",,"Grundschule",,,"039602/20615","039602/20615",
"Grundschule ""Pestalozzi"", Malchin","MV-75135211","Schulplatz 3-4, 17139 Malchin",,"Grundschule",,,"03994/299016","03994/299015",
"Grundschule Sarow","MV-75135213","Dorfstraße 77, 17111 Sarow",,"Grundschule",,,"039996/70310","039996/70310",
"Fritz-Reuter-Grundschule, Stavenhagen","MV-75135214","Goethestraße 14, 17153 Stavenhagen",,"Grundschule",,,"039954/276817","039954/276812",
"Grundschule Schönfeld","MV-75135226","Dorfstraße 23, 17111 Schönfeld",,"Grundschule",,,"039994/10249","039994/10249",
"Grundschule Burow ","MV-75135233","Schulstraße 4, 17089 Burow",,"Grundschule",,,"03965/210369","03965/210369",
"Grundschule Gielow","MV-75135234","Straße der Einheit 58, 17139 Gielow",,"Grundschule",,,"039957/20442","039957/20442",
"Grundschule Jürgenstorf","MV-75135236","Birkenweg 2, 17153 Jürgenstorf",,"Grundschule",,,"039955/20231","039955/20231",
"Grundschule ""Kletterrose"", Burg Stargard","MV-75135503","Klüschenberg 17, 17094 Burg Stargard","www.grundschule-kletterrose.de","Grundschule",,,"039603/27923","039603/27924",
"Grundschule Friedland","MV-75135507","Wollweberstraße 59, 17098 Friedland",,"Grundschule",,,"039601/369809","039601/21103",
"Grundschule Regenbogen, Mirow ","MV-75135510","Leussower Weg 9a, 17252 Mirow","www.grundschule-mirow.de","Grundschule",,,"039833/27576","039833/20271",
"Grundschule Kiefernheide, Neustrelitz","MV-75135513","Pestalozzistraße 6, 17235 Neustrelitz",,"Grundschule",,,"03981/441827","03981/442906",
"Grundschule ""Zum Wasserturm"", Neverin","MV-75135514","Dorfstraße 30, 17039 Neverin","www.gsneverin.de","Grundschule",,,"039608/20098","039608/20503",
"Grundschule Am Sandberg, Neustrelitz","MV-75135524","Sandberg 48, 17235 Neustrelitz",,"Grundschule",,,"03981/238156","03981/238155",
"Grundschule Pappelhain, Groß Miltzow","MV-75135533","Schulstraße 10, 17349 Groß Miltzow",,"Grundschule",,,"03967/410299","03967/410293",
"Grundschule  ""Daniel Sanders"", Neustrelitz","MV-75135547","Bachstraße 9, 17235 Neustrelitz",,"Grundschule",,,"03981/441896","03981/441896",
"Grundschule ""Uns lütt Schaul"", Kargow","MV-75135602","Federower Straße 12, 17192 Kargow",,"Grundschule",,,"03991/670040","03991/670040",
"Grundschule Moltzow","MV-75135603","Schulstraße 22, 17194 Moltzow",,"Grundschule",,,"039933/73584","039933/73588",
"Grundschule Röbel","MV-75135607","Schulstraße 20, 17207 Röbel/Müritz",,"Grundschule",,,"039931/54285","039931/52234",
"Grundschule Rechlin","MV-75135608","Schulstraße, 17248 Rechlin","www.grundschule-rechlin.de","Grundschule",,,"039823/21829","039823/21204",
"Grundschule ""Käthe Kollwitz"", Waren","MV-75135610","Geschwister-Scholl-Straße 31, 17192 Waren (Müritz)",,"Grundschule",,,"03991/182866","03991/125645",
"Grundschule ""Am Papenberg"", Waren","MV-75135611","Bgm.-Schlaaff-Straße 26, 17192 Waren (Müritz)","www.grundschule-am-papenberg.de","Grundschule",,,"03991/667717","03991/665740",
"Grundschule Altenhof","MV-75135618","Schulstraße 13, 17209 Altenhof",,"Grundschule",,,"039924/2443","039924/2443",
"Grundschule Groß Plasten","MV-75135621","Neue Straße 32, 17192 Groß Plasten","www.grundschule-plasten.de","Grundschule",,,"039934/87324","039934/87605",
"Grundschule ""Goethe"", Malchow","MV-75135625","Kirchstraße 23-25, 17213 Malchow","www.goetheschule-malchow-mecklenburg.de","Grundschule",,,"039932/47958","039932/18523",
"Grundschule Wredenhagen","MV-75135631","Am Burgberg 1, 17209 Wredenhagen","www.grundschule-wredenhagen.de","Grundschule",,,"039925/2246","039925/2234",
"Schule mit dem Förderschwerpunkt Lernen sowie emotionale und soziale Entwicklung Neubrandenburg ""Pestalozzischule"" \n- Förderzentrum -","MV-75230235","Ziegelbergstraße 27, 17033 Neubrandenburg",,"Förderschule",,,"0395/599991309","0395/599991302",
"Schule mit dem Förderschwerpunkt Sprache Neubrandenburg - Sprachheilpädagogisches Förderzentrum","MV-75230236","Baumhaselstraße 10-12, 17033 Neubrandenburg","www.sprachheilschule-nb.de","Förderschule",,,"0395/3797479","0395/3699203",
"Überregionales Förderzentrum mit dem Förderschwerpunkt körperliche-motorische Entwicklung, Neubrandenburg","MV-75230237","Robert-Blum-Straße 36, 17033 Neubrandenburg","www.uefz-neubrandenburg.de","Förderschule",,,"0395/5639515","0395/5639511",
"Schule mit dem Förderschwerpunkt geistige Entwicklung Neubrandenburg ""Kranichschule""","MV-75230238","B.-Brecht-Straße 1a, 17034 Neubrandenburg","www.kranichschule.com","Förderschule",,,"0395/4308040","0395/4308016",
"Lea-Toll-Schule - Schule mit dem Förderschwerpunkt Lernen, Altentreptow","MV-75235248","Poststraße 1, 17087 Altentreptow",,"Förderschule",,,"03961/216441","03961/214417",
"Schule mit dem Förderschwerpunkt Lernen, Demmin","MV-75235249","Saarstraße 23, 17109 Demmin",,"Förderschule",,,"03998/258006","03998/222010",
"""Sonderpädagogisches Förderzentrum - Lindenschule"" - Schule mit dem Förderschwerpunkt Lernen, Malchin","MV-75235250","Lindenstraße 6, 17139 Malchin","www.foerderzentrum-lindenschule-malchin.de","Förderschule",,,"03994/239853","03994/222209",
"Schule mit dem Förderschwerpunkt geistige Entwicklung, Altentreptow","MV-75235251","Westphalstraße 3, 17087 Altentreptow",,"Förderschule",,,"03961/262555","03961/214664",
"Schule Sonnenhof - Schule mit dem Förderschwerpunkt geistige Entwicklung, Demmin","MV-75235252","Quitzerower Weg 31, 17109 Demmin",,"Förderschule",,,"03998/259964","03998/222004",
"Schule ""Am Wedenhof""- Schule mit dem Förderschwerpunkt geistige Entwicklung, Malchin","MV-75235253","Am Wedenhof 6, 17139 Malchin",,"Förderschule",,,"03994/239426","03994/222365",
"Sonderpädagogisches Förderzentrum - Schule mit Förderschwerpunkt Lernen, Friedland","MV-75235544","A.-Bebel-Platz 17, 17098 Friedland",,"Förderschule",,,"039601/20574","039601/20573",
"Sonderpädagogisches Förderzentrum - Schule mit Förderschwerpunkt Lernen, Neustrelitz","MV-75235545","Hittenkofer Straße 28, 17235 Neustrelitz",,"Förderschule",,,"03981/205446","03981/205449",
"Tom-Mutters-Schule - Schule mit Förderschwerpunkt geistige Entwicklung, Neustrelitz","MV-75235546","Höhenstraße 51, 17235 Neustrelitz",,"Förderschule",,,"03981/443494","03981/443492",
"Mosaik-Schule - Schule mit Förderschwerpunkt geistige Entwicklung","MV-75235548","Schulstraße 11, 17349 Holzendorf",,"Förderschule",,,"03967/461856","03967/461855",
"Förderschule Röbel - Schule mit dem Förderschwerpunkt Lernen","MV-75235637","Warener Chaussee 4, 17207 Röbel/Müritz",,"Förderschule",,,"039931/52262","039931/52262",
"Förderzentrum ""Pestalozzi"" Waren - Schule mit dem Förderschwerpunkt Lernen","MV-75235638","Karl-Liebknecht-Straße 8, 17192 Waren (Müritz)","www.blog-foerderzentrum-waren.de","Förderschule",,,"03991/187074","03991/125433",
"Müritz-Schule Sietow - Schule mit dem Förderschwerpunkt geistige Entwicklung","MV-75235639","Neubaustraße 14, 17209 Sietow",,"Förderschule",,,"039931/84523","039931/8450",
"Gesamtschule ""Vier Tore"", Integrierte Gesamtschule, Neubrandenburg","MV-75330233","Geschwister-Scholl-Straße 14, 17033 Neubrandenburg",,"Integrierte Gesamtschule",,,"0395/599991109","0395/599991100",
"Kooperative Gesamtschule mit gymnasialer Oberstufe, Altentreptow","MV-75335243","Pestalozzistraße 1, 17087 Altentreptow","www.kgs-altentreptow.de","Kooperative Gesamtschule",,,"03961/215513","03961/215512",
"Reuterstädter Gesamtschule - Europaschule -\nKooperative Gesamtschule, Stavenhagen","MV-75335247","Straße am Wasserturm 1, 17153 Stavenhagen","www.kgs-stavenhagen.de","Kooperative Gesamtschule",,,"039954/27181","039954/22043",
"Kooperative Gesamtschule mit gymnasialer Oberstufe, Friedland","MV-75335537","Dr. Karl-Bayer-Straße 4, 17098 Friedland","www.nfg24.de","Kooperative Gesamtschule",,,"039601/29124","039601/2910",
"Integrierte Gesamtschule ""Walter Karbe""","MV-75335541","Lessingstraße 27, 17235 Neustrelitz","www.gesamtschule-neustrelitz.de","Integrierte Gesamtschule",,,"03981/455999","03981/455991",
"Fleesenseeschule Malchow - Verbundene Regionale Schule und Gymnasium","MV-75335614","Schulstraße 3, 17213 Malchow","www.fleesenseeschule.de","Kooperative Gesamtschule",,,"039932/16633","039932/1660",
"Schulcampus Röbel, Verbundene Regionale Schule und Gymnasium","MV-75335616","Gotthunskamp 13, 17207 Röbel/Müritz","www.schulcampus-roebel.de","Kooperative Gesamtschule",,,"039931/52206  ","039931/52202",
"Regionale Schule Mitte  ""Fritz Reuter"", Neubrandenburg","MV-75430216","Katharinenstraße 1, 17033 Neubrandenburg","www.myfritz-reuter-schule.de","Regionale Schule",,,"0395/5551173","0395/5551201",
"Regionale Schule ""Am Lindetal"", Neubrandenburg","MV-75430219","Kopernikusstraße 4, 17036 Neubrandenburg",,"Regionale Schule",,,"0395/5551641","0395/5551632",
"Regionale Schule Nord, Neubrandenburg","MV-75430225","Dükerweg 2, 17033 Neubrandenburg",,"Regionale Schule",,,"0395/5551175","0395/5551141",
"Regionale Schule Siegfried Marcus, Malchin","MV-75435221","Rudolf-Fritz-Straße 8a, 17139 Malchin",,"Regionale Schule",,,"03994/222219","03994/222277",
"Regionale Schule mit Grundschule Pestalozzi, Demmin","MV-75435222","Schützenstraße 1, 17109 Demmin","www.pestalozzi-schule-demmin.de","Regionale Schule mit Grundschule",,,"03998/271115","03998/271111",
"Regionale Schule Dargun","MV-75435227","Am Sportplatz 18, 17159 Dargun","www.schulen-dargun.de","Regionale Schule",,,"039959/27960","039959/20278",
"Regionale Schule ""Fritz Reuter"", Demmin","MV-75435229","Frauenstraße 18, 17109 Demmin",,"Regionale Schule",,,"03998/222072","03998/222072",
"Regionale Schule mit Grundschule Tützpatz","MV-75435242","Waldstraße 6, 17091 Tützpatz",,"Regionale Schule mit Grundschule",,,"039600/20518","039600/21272",
"Regionale Schule ""J. Nehru"", Neustrelitz","MV-75435523","Tiergartenstraße 32, 17235 Neustrelitz","www.nehru-schule.de","Regionale Schule",,,"03981/238620","03981/23860",
"Regionale Schule mit Grundschule Woldegk","MV-75435529","Wollweberstraße 27, 17348 Woldegk","www.schulewoldegk.de","Regionale Schule mit Grundschule",,,"03963/210505","03963/210302",
"Regionale Schule mit Grundschule ""Am Kirschgarten"", Blankensee","MV-75435531","Schulstraße 12, 17237 Blankensee",,"Regionale Schule mit Grundschule",,,"039826/12406","039826/12405",
"Regionale Schule mit Grundschule Wesenberg","MV-75435536","In den Wällen 9a, 17255 Wesenberg","www.wesenberg-schule.de","Regionale Schule mit Grundschule",,,"039832/20510","039832/20345",
"Regionale Schule Burg Stargard","MV-75435542","Klüschenbergstraße 13, 17094 Burg Stargard","www.regs-burg-stargard.de","Regionale Schule",,,"039603/22915","039603/20312",
"Regionale Schule mit Grundschule ""Hans Fallada"", Feldberg","MV-75435543","Bahnhofstraße 5, 17258 Feldberg","www.schule-feldberg.de","Regionale Schule mit Grundschule",,,"039831/22149","039831/21619",
"Regionale Schule mit Grundschule Penzlin","MV-75435615","Hirtenstraße 12, 17217 Penzlin","www.voss-schule-penzlin.de","Regionale Schule mit Grundschule",,,"03962/210233","03962/210232",
"Regionale Schule Rechlin","MV-75435617","Neuer Markt 28, 17248 Rechlin","www.schule-rechlin.de","Regionale Schule",,,"039823/21470","039823/21216",
"Regionale Schule ""Heinrich Schliemann"", Möllenhagen","MV-75435624","Am Markt 10, 17219 Möllenhagen","www.schule-moellenhagen.de","Regionale Schule",,,"039928/80220","039928/80212",
"Regionale Schule ""Friedrich Dethloff"", Waren","MV-75435630","Kirschenweg 2, 17192 Waren (Müritz)","www.fds-waren.de","Regionale Schule",,,"03991/640219","03991/64020",
"Regionale Schule Waren","MV-75435636","Friedrich-Engels-Platz 10, 17192 Waren (Müritz)",,"Regionale Schule",,,"03991/168960","03991/168918",
"Albert-Einstein-Gymnasium, Neubrandenburg","MV-75530227","Demminer Straße 42, 17034 Neubrandenburg","www.aeg-nb.de","Gymnasium",,,"0395/599991616","0395/599991600",
"Sportgymnasium Neubrandenburg","MV-75530232","Schwedenstraße 22, 17033 Neubrandenburg","www.sgnb.de","Gymnasium",,,"0395/599991816","0395/599991800",
"Abendgymnasium Neubrandenburg","MV-75530240","Demminer Straße 42, 17034 Neubrandenburg","www.abendgymnasium-nb.de","Abendgymnasium",,,"0395/599991623","0395/599991621",
"Goethe-Gymnasium - Musikgymnasium - Demmin","MV-75535244","An der Mühle 7, 17109 Demmin","www.musikgymnasium-demmin.de","Gymnasium",,,,"03998/222067",
"Fritz-Greve-Gymnasium Malchin","MV-75535246","Am Zachow 39, 17139 Malchin","www.gymnasium-malchin.de","Gymnasium",,,"03994/2999886","03994/227205",
"Gymnasium Carolinum, Neustrelitz","MV-75535539","Louisenstraße 30, 17235 Neustrelitz","www.carolinum.de","Gymnasium",,,"03981/286730","03981/286710",
"Richard-Wossidlo-Gymnasium","MV-75535635","Güstrower Straße 11, 17192 Waren (Müritz)",,"Gymnasium",,,"03991/747727","03991/74770",
"Grundschule ""Seeblick"", Wismar","MV-75130601","Anton-Saefkow-Straße 9, 23968 Wismar","www.seeblick-grundschule-wismar.de","Grundschule",,,"03841/6189789","03841/636695",
"Grundschule ""Rudolf Tarnow"", Wismar","MV-75130602","Tallinner Straße 01, 23970 Wismar","www.rudolf-tarnow-grundschule.de","Grundschule",,,"03841/224188","03841/282022",
"Grundschule ""Fritz Reuter"", Wismar","MV-75130603","Dahlmannstraße 14, 23966 Wismar","www.fritz-reuter-schule-wismar.de","Grundschule",,,"03841/395359","03841/283064",
"Grundschule ""Friedenshof"", Wismar","MV-75130604","H.-Rothbarth-Straße 1 a, 23966 Wismar","www.grundschule-am-friedenshof.de","Grundschule",,,"03841/326261","03841/707527",
"Grundschule Carlow","MV-75135802","Schulstraße 08, 19217 Carlow",,"Grundschule",,,"038873/33475","038873/20264",
"Grundschule Dorf Mecklenburg","MV-75135804","Karl-Marx-Straße 13, 23972 Dorf Mecklenburg",,"Grundschule",,,"03841/333989","03841/795924",
"Grundschule ""Fritz Reuter"", Grevesmühlen","MV-75135806","Kleine Allee 44, 23936 Grevesmühlen","www.gs-fritz-reuter.de","Grundschule",,,"03881/711173","03881/2511",
"Grundschule ""Ploggensee"", Grevesmühlen","MV-75135807","Ploggenseering 64, 23936 Grevesmühlen","www.gs-ploggensee.de","Grundschule",,,"03881/710039","03881/712206",
"Grundschule Neukloster","MV-75135818","Alte Gärtnerei 1, 23992 Neukloster","www.grundschule-neukloster.de","Grundschule",,,"038422/20427","038422/20357",
"Grundschule Selmsdorf","MV-75135819","Neue Reihe 11, 23923 Selmsdorf","www.grundschule-selmsdorf.de","Grundschule",,,"038823/2302","038823/2301",
"Grundschule ""Fritz Reuter"", Warin","MV-75135823","Geschwister-Scholl-Straße 5, 19417 Warin","www.grundschule-warin.de","Grundschule",,,"038482/22346","038482/60409",
"Grundschule Bobitz","MV-75135825","Schulstraße 27, 23996 Bobitz","www.grundschule-bobitz.de","Grundschule",,,"038424/41123","038424/4110",
"Grundschule Brüsewitz","MV-75135826","Zum Rehm 3, 19071 Brüsewitz",,"Grundschule",,,"038874/41424","038874/41424",
"Grundschule Dreveskirchen","MV-75135828","Schulstraße 12, 23974 Dreveskirchen",,"Grundschule",,,"038427/40839","038427/40839",
"Grundschule ""Adolf Diesterweg"", Kalkhorst","MV-75135833","Am Sportplatz, 23942 Kalkhorst",,"Grundschule",,,"038827/88858","038827/205",
"Grundschule Lübow","MV-75135835","Dorfstraße 22, 23972 Lübow",,"Grundschule",,,"03841/780408","03841/785822",
"Grundschule Ostseebad Boltenhagen","MV-75135841","Klützer Straße 11 - 15, 23946 Boltenhagen",,"Grundschule",,,"038825/23656","038825/22259",
"Grundschule Roggendorf","MV-75135844","Gadebuscher Straße 6, 19205 Roggendorf",,"Grundschule",,,"038876/31603","038876/20237",
"Claus-Jesup-Schule Wismar - Schule mit dem Förderschwerpunkt Lernen","MV-75230619","Liselotte-Herrmann-Straße 5, 23968 Wismar",,"Förderschule",,,"03841/629179","03841/636660",
"Schule mit dem Förderschwerpunkt Lernen ""Johann-Heinrich-Pestalozzi"" Gadebusch","MV-75235854","Agnes-Karll-Straße 6 - 8, 19205 Gadebusch",,"Förderschule",,,"03886/3662043","03886/3662040",
"Schule mit dem Förderschwerpunkt Lernen ""Anne Frank"" Schönberg","MV-75235855","R.-Hartmann-Straße 13, 23923 Schönberg",,"Förderschule",,,"038828/23578","038828/21241",
"Schule mit dem Förderschwerpunkt Lernen ""An den Linden"" Grevesmühlen","MV-75235856","Wismarsche Straße 124, 23936 Grevesmühlen",,"Förderschule",,,"03881/712716","03881/2349",
"Schule mit dem Förderschwerpunkt Lernen ""Fritz D. v. d.  Schulenburg"" Neukloster","MV-75235858","Alte Gärtnerei 1, 23992 Neukloster",,"Förderschule",,,"038422/400215","038422/400211",
"Landesschule für Blinde und Sehbehinderte","MV-75235859","August-Bebel-Allee 7, 23992 Neukloster","www.blindenschule-mv.de","Förderschule",,,"038422/45212","038422/4520",
"Schule mit dem Förderschwerpunkt geistige Entwicklung ""Am Wallberg"" Neuburg","MV-75235861","Neuendorfer Weg 5, 23974 Neuburg",,"Förderschule",,,"038426/22140","038426/20215",
"Integrierte Gesamtschule ""J .Wolfgang v. Goethe"" Wismar","MV-75330618","Bei der Klosterkirche 8, 23966 Wismar","www.igs-wismar.de","Integrierte Gesamtschule",,,"03841/223756","03841/282822",
"Verbundene Regionale Schule und  Gymnasium ""Tisa v.d. Schulenburg"", Dorf Mecklenburg","MV-75335849","Ernst-Thälmann-Straße 14, 23972 Dorf Mecklenburg","www.vrs-gym-dm.de","Kooperative Gesamtschule",,,"03841/797091","03841/795923",
"Ostsee-Schule Wismar, Regionale Schule","MV-75430610","B.-Tesch-Straße 31, 23968 Wismar","www.ostsee-schule.de","Regionale Schule",,,"03841/632775","03841/636675",
"Regionale Schule ""B. Brecht"", Wismar","MV-75430612","Kapitänspromenade 25, 23966 Wismar","www.rsbb-wismar.de","Regionale Schule",,,"03841/3266863","03841/707291",
"Regionale Schule mit Grundschule Dassow","MV-75435815","R.-Breitscheid-Straße 50, 23942 Dassow",,"Regionale Schule mit Grundschule",,,"038826/88963","038826/80436",
"Regionale Schule Klütz","MV-75435816","Straße des Friedens 2, 23948 Klütz","www.schule-kluetz.de","Regionale Schule",,,"038825/23886","038825/22597",
"Regionale Schule mit Grundschule ""Werner Lindemann"", Lübstorf","MV-75435817","Bahnhofstraße 18, 19069 Lübstorf","www.schule-luebstorf.de","Regionale Schule mit Grundschule",,,"03867/9601070","03867/269",
"Regionale Schule mit Grundschule  ""Am Schweriner See"", Bad Kleinen","MV-75435824","Schulstraße 11, 23996 Bad Kleinen",,"Regionale Schule mit Grundschule",,,"038423/50988","038423/228",
"Regionale Schule mit Grundschule Gadebusch","MV-75435830","Heinrich-Heine-Straße 40, 19205 Gadebusch","www.heinrich-heine-schule-gadebusch.de","Regionale Schule mit Grundschule",,,"03886/712626","03886/35233",
"Regionale Schule ""Wasserturm"", Grevesmühlen","MV-75435832","Ploggenseering 68, 23936 Grevesmühlen","www.wasserturmschule-gvm.de","Regionale Schule",,,"03881/2348","03881/78790",
"Regionale Schule mit Grundschule Kirchdorf","MV-75435834","Straße der Jugend 5, 23999 Kirchdorf","www.schule-insel-poel.de","Regionale Schule mit Grundschule",,,"038425/42153","038425/20219",
"Regionale Schule mit Grundschule Lüdersdorf","MV-75435836","Hauptstraße 21, 23923 Wahrsow","www.schule-luedersdorf.de","Regionale Schule mit Grundschule",,,"038828/3302119","038821/60736",
"Regionale Schule mit Grundschule Lützow","MV-75435837","Pokrenter Straße 4, 19209 Lützow",,"Regionale Schule mit Grundschule",,,"038874/21396","038874/22230",
"Regionale Schule mit Grundschule Mühlen-Eichsen","MV-75435838","Schulstraße 8, 19205 Mühlen Eichsen","www.schule-muehlen-eichsen.de","Regionale Schule mit Grundschule",,,"038871/21883","038871/22216",
"Regionale Schule mit Grundschule ""Am Rietberg"", Neuburg","MV-75435839","Hauptstraße 41, 23974 Neuburg","www.regionaleschule-neuburg.de","Regionale Schule mit Grundschule",,,"038426/229801","038426/20233",
"Regionale Schule Neukloster","MV-75435840","August-Bebel-Allee 6, 23992 Neukloster","www.regionale-schule-neukloster.de","Regionale Schule",,,"038422/29974","038422/20233",
"Regionale Schule mit Grundschule Proseken","MV-75435842","Hauptstraße 18, 23968 Proseken","www.schule-proseken.de","Regionale Schule mit Grundschule",,,"038428/63544","038428/60232",
"Regionale Schule mit Grundschule ""Käthe Kollwitz"", Rehna","MV-75435843","Benziner Weg 3, 19217 Rehna","www.schule-rehna.de","Regionale Schule mit Grundschule",,,"038872/65320","038872/6530",
"Regionale Schule mit Grundschule Schönberg","MV-75435845","Dassower Straße 10, 23923 Schönberg","www.grundschule-schoenberg.de","Regionale Schule mit Grundschule",,,"038828/25322","038828/25320",
"Regionale Schule mit Grundschule Schlagsdorf","MV-75435846","Hauptstraße 18a, 19217 Schlagsdorf","www.schule.schlagsdorf.de","Regionale Schule mit Grundschule",,,"038875/20211","038875/20211",
"Große Stadtschule\nGeschwister-Scholl-Gymnasium, Wismar","MV-75530615","Schulstraße 9/11, 23966 Wismar","www.scholl-Wismar.de","Gymnasium",,,"03841/205263","03841/282732",
"Gerhart-Hauptmann-Gymnasium, Wismar","MV-75530617","Dahlmannstraße 40, 23966 Wismar","www.ghg-wismar.com","Gymnasium",,,"03841/205261","03841/283358",
"Gymnasium Gadebusch","MV-75535850","Agnes-Karll-Straße 20, 19205 Gadebusch","www.gymnasiumgadebusch.de","Gymnasium",,,"03886/35152","03886/35149",
"Gymnasium am Tannenberg, Grevesmühlen","MV-75535851","Rehnaer Straße 51, 23936 Grevesmühlen","www.gymnasium-am-tannenberg.de","Gymnasium",,,"03881/788227","03881/78820",
"Gymnasium Am Sonnenkamp, Neukloster","MV-75535852","August-Bebel-Allee 9, 23992 Neukloster","www.gymnasium-neukloster.de","Gymnasium",,,"038422/25467","038422/25349",
"Ernst-Barlach-Gymnasium, Schönberg","MV-75535853","Goetheplatz 5, 23923 Schönberg","www.ebg-Schoenberg.de","Gymnasium",,,"038828/23633","038828/24433",
"Grundschule ""Fritz Reuter"", Schwerin","MV-75130403","v.-Thünen-Straße 9, 19053 Schwerin","www.fritzreuterschule.de","Grundschule",,,"0385/7588679","0385/732514",
"Grundschule am Mueßer Berg, Schwerin","MV-75130405","Eulerstraße 2, 19063 Schwerin","www.grundschule-am-muesser-berg.de","Grundschule",,,"0385/2010129","0385/2012107",
"Grundschule ""John Brinckman"", Schwerin","MV-75130406","Willi-Bredel-Straße 17, 19059 Schwerin","www.europa-brinckman.de","Grundschule",,,"0385/7589519","0385/785886",
"Grundschule ""Nils Holgersson"", Schwerin","MV-75130408","Friedrich-Engels-Straße 35, 19061 Schwerin","www.nils-holgersson-grundschule-schwerin.de","Grundschule",,,"0385/3921816","0385/3921815",
"Grundschule ""Heinrich Heine"", Schwerin","MV-75130410","Amtstraße 3, 19055 Schwerin","www.heinrich-heine-schulverein.de","Grundschule",,,"0385/5557863","0385/562758",
"Grundschule ""Lankow"", Schwerin","MV-75130411","Rahlstedter Straße 3b, 19057 Schwerin","www.grundschule-lankow.de","Grundschule",,,"0385/4807575","0385/4842028",
"Grundschule ""Friedensschule"", Schwerin","MV-75130414","Friedensstraße 14, 19053 Schwerin","www.friedensschule-schwerin.de","Grundschule",,,"0385/7589200","0385/7851853",
"Sonderpädagogisches Förderzentrum ""Am Fernsehturm"" Schwerin,  Schule mit dem Förderschwerpunkt Lernen","MV-75230437","Hamburger Allee 126, 19063 Schwerin","www.schule-am-fernsehturm.de","Förderschule",,,"0385/2182855","0385/2071125",
"Sprachheilpädagogisches Förderzentrum Schwerin","MV-75230439","A.-Sacharow-Straße 75, 19061 Schwerin","www.sprachheilschule-schwerin.de","Förderschule",,,"0385/39929904","0385/3260011",
"Mecklenburgisches Förderzentrum Schwerin, Schule mit dem Schwerpunkt körperliche und motorische Entwicklung","MV-75230440","Ratzeburger Straße 31, 19057 Schwerin","www.MFZK-schwerin.de","Förderschule",,,"0385/4855111","0385/485510",
"Albert-Schweitzer-Schule Schwerin, Schule mit dem Förderschwerpunkt geistige Entwicklung","MV-75230441","Liese-Meitner-Straße 1, 19063 Schwerin","www.foerderschule-albert-schweitzer.de","Förderschule",,,"0385/5585724","0385/558570",
"Integrierte Gesamtschule  ""Bertolt Brecht""  Schwerin","MV-75330436","Von-Stauffenberg-Straße 68, 19061 Schwerin","www.brechtschule-schwerin.de","Integrierte Gesamtschule",,,"0385/3992960","0385/3921184",
"Regionale Schule  ""Erich Weinert"", Schwerin","MV-75430421","R.-Breitscheid-Straße 23, 19053 Schwerin",,"Regionale Schule",,,"0385/7610723","0385/732524",
"Regionale Schule ""Werner von Siemens"", Schwerin","MV-75430423","Rahlstedter Straße 3A, 19057 Schwerin","www.siemensschule-schwerin.de","Regionale Schule",,,"0385/4867987","0385/4842037",
"Regionale Schule mit Grundschule ""Astrid Lindgren"", Schwerin","MV-75430425","Tallinner Straße 4 - 6, 19063 Schwerin","www.astrid-lindgren-schule-schwerin.de","Regionale Schule mit Grundschule",,,"0385/3979193","0385/3921143",
"Gymnasium Fridericianum, Schwerin","MV-75530428","Goethestraße 74, 19053 Schwerin","www.Fridericianum.de","Gymnasium",,,"0385/3021333","0385/302130",
"Goethe-Gymnasium, Schwerin","MV-75530429","J.-R.-Becher-Straße 10, 19059 Schwerin","www.goethegymnasium-schwerin.de","Gymnasium",,,"0385/75820520","0385/7582050",
"Sportgymnasium, Schwerin","MV-75530434","Von-Flotow-Straße 20, 19059 Schwerin","www.sportgymnasium-schwerin.de","Gymnasium",,,"0385/7605820","0385/760580",
"Abendgymnasium Schwerin","MV-75530444","Goethestraße 74, 19053 Schwerin","www.abendgymnasium-schwerin.de","Abendgymnasium",,,"0385/2079844","0385/2079836",
"Käthe-Kollwitz-Grundschule","MV-75130102","Knopfstraße 25, 17489 Greifswald","www.kollwitz-gs.de ","Grundschule",,,"03834/8850401","03834/8850400",
"Grundschule  ""Karl Krull"" Greifswald","MV-75130104","Bleichstraße 36, 17489 Greifswald","www.karl-krull-grundschule.de ","Grundschule",,,"03834/540598","03834/540590",
"Grundschule ""Greif"" Greifswald","MV-75130109","Max-Planck-Straße 9, 17491 Greifswald","www.grundschule-greif.de ","Grundschule",,,"03834/884737","03834/812063",
"Grundschule ""Erich Weinert"" Greifswald","MV-75130111","Makarenkostraße 53, 17491 Greifswald","www.weinert-gs.de ","Grundschule",,,"03834/883668","03834/812022",
"Grundschule ""Martin-Andersen-Nexö"" Greifswald","MV-75130113","Warschauer Straße 16, 17493 Greifswald","www.nexoe-grundschule.de ","Grundschule",,,"03834/518263","03834/840189",
"Grundschule Jarmen","MV-75135208","Rosenstraße 4, 17126 Jarmen",,"Grundschule",,,"039997/10344","039997/10335",
"Diesterweg-Grundschule Loitz","MV-75135209","Wilhelm-Irrgang-Weg 1, 17121 Loitz",,"Grundschule",,,"039998/31361","039998/10467",
"Grundschule ""Peenetal"" Görmin","MV-75135223","Schulstraße 1, 17121 Görmin",,"Grundschule",,,"039992/70269","039992/70223",
"Grundschule Tutow","MV-75135254","Pommernring 21, 17129 Tutow","www.grundschuletutow.de","Grundschule",,,"039999/70213","039999/70208",
"Grundschule ""Gebrüder Grimm"" Anklam","MV-75135902","Eichenweg 6, 17389 Anklam",,"Grundschule",,,"03971/258870","03971/245607",
"Grundschule ""Villa Kunterbunt"" Anklam","MV-75135904","Adolf-Damaschke-Straße 7, 17389 Anklam",,"Grundschule",,,"03971/293679","03971/210169",
"Grundschule ""An der alten Feuerwehr"" Heringsdorf","MV-75135907","August-Bebel-Straße 3, 17424 Heringsdorf","www.grundschule-heringsdorf.de","Grundschule",,,"038378/22403","038378/22351",
"Grundschule Züssow","MV-75135909","Schulweg 2, 17495 Züssow","www.grundschule-zuessow.de","Grundschule",,,"038355/61330","038355/61387",
"Grundschule Karlshagen","MV-75135910","Schulstraße 4, 17449 Karlshagen","www.grundschule-karlshagen.de","Grundschule",,,"038371/55447","038371/20633",
"Grundschule Lassan","MV-75135912","Schulstraße 5, 17440 Lassan",,"Grundschule",,,"038374/80461","038374/80461",
"Grundschule Wolgast","MV-75135918","Baustraße 16, 17438 Wolgast",,"Grundschule",,,"03836/234700","03836/202054",
"Grundschule ""Lütt Matten"" Wusterhusen","MV-75135921","Greifswalder Straße 7, 17509 Wusterhusen",,"Grundschule",,,"038354/22808","038354/22808",
"Grundschule Zinnowitz","MV-75135923","Dannweg 13, 17454 Zinnowitz",,"Grundschule",,,"038377/36881","038377/42266",
"Grundschule ""Fritz Reuter"" Kemnitz","MV-75135936","Schulstraße 2, 17509 Kemnitz",,"Grundschule",,,"03852/233","038352/231",
"Grundschule ""Lütte Nordlichter"" Dersekow","MV-75135943","Straße der Freundschaft 14a, 17498 Dersekow",,"Grundschule",,,"03834/510134","03834/5618",
"Grundschule ""Fritz Reuter"" Kröslin","MV-75135945","Schulstraße 1, 17440 Kröslin","www.grundschule-kröslin.de","Grundschule",,,"038370/20318","038370/20318",
"Grundschule ""Schwalbennest"" Krien","MV-75135946","Bauernstraße 3, 17391 Krien",,"Grundschule",,,"039723/20127","039723/20244",
"Grundschule Schlatkow","MV-75135951","Dorfstraße 11a, 17390 Schlatkow",,"Grundschule",,,"039724/26860","039724/22385",
"Grundschule  Stadt Usedom","MV-75135955","Bäderstraße 48, 17406 Usedom",,"Grundschule",,,"038372/76620","038372/70277",
"Vineta-Grundschule Koserow","MV-75135968","Fischerstraße 18, 17459 Koserow",,"Grundschule",,,"038375/22571","038375/22570",
"Grundschule Ahlbeck","MV-75136201","Dorfstraße 9, 17375 Ahlbeck","www.gs-ahlbeck.de","Grundschule",,,"039775/20202","039775/20202",
"Grundschule Eggesin","MV-75136204","Waldstraße 20, 17367 Eggesin","www.grundschule-eggesin.de","Grundschule",,,"039779/27619","039779/20341",
"Grundschule Ferdinandshof","MV-75136206","Friedrichstraße 33a, 17379 Ferdinandshof","www.gs.ferdinandshof.de","Grundschule",,,"039778/20693","039778/20693",
"Grundschule ""Am See"" Löcknitz","MV-75136209","Am See 10, 17321 Löcknitz",,"Grundschule",,,"039754/20629","039754/20612",
"Grundschule Leopoldshagen","MV-75136210","Hinterreihe 161, 17375 Leopoldshagen",,"Grundschule",,,"039774/299849","039774/20218",
"Grundschule Mewegen","MV-75136211","Ahornstraße 17, 17322 Mewegen","www.kleinegrundschulemewegen.blogspot.de","Grundschule",,,"039744/50274","039744/50274",
"Grundschule Ueckertal, Pasewalk","MV-75136214","Pestalozzistraße 26, 17309 Pasewalk","www.grundschule-ueckertal.de","Grundschule",,,"03973/210451","03973/210451",
"Grundschule Penkun","MV-75136215","Am Deputantenbruch 6, 17328 Penkun",,"Grundschule",,,"039751/60120","039751/60168",
"Grundschule Strasburg","MV-75136216","Baustraße 26, 17335 Strasburg",,"Grundschule",,,"039753/24486","039753/24485",
"Pestalozzi-Grundschule Torgelow","MV-75136217","Goethestraße 2, 17358 Torgelow","www.pestalozzigrundschule-torgelow.de","Grundschule",,,"03976/202580","03976/202559",
"Haff-Grundschule Ueckermünde","MV-75136221","Geschw.-Scholl-Straße 40, 17373 Ueckermünde",,"Grundschule",,,"039771/59037","039771/27205",
"Grundschule Jatznick","MV-75136249","Ackerstraße 5, 17309 Jatznick",,"Grundschule",,,"039741/86095","039741/80234",
"Schule ""Johann Heinrich Pestalozzi"" Greifswald - Schule mit Förderschwerpunkt Lernen","MV-75230137","Wolgaster Straße 62, 17489 Greifswald","www.pestalozzischule-greifswald.de","Förderschule",,,"03834/830346","03834/3909",
"Sonderpädagogisches Förderzentrum ""Biberburg"" Anklam - Schule mit den Förderschwerpunkten Lernen, emotionale und soziale Entwicklung und Sprache","MV-75235962","Mühlenstraße 8 c, 17389 Anklam",,"Förderschule",,,"03971/211952","03971/210552",
"Schule ""Am Park"" Behrenhoff - Schule mit den Förderschwerpunkten Lernen und emotionale und soziale Entwicklung","MV-75235963","Dorfstraße 21, 17498 Behrenhoff",,"Förderschule",,,"038356/51849","038356/251",
"Janusz-Korczak-Schule Wolgast - Schule mit dem Förderschwerpunkt Lernen","MV-75235965","Schulstraße 5, 17438 Wolgast",,"Förderschule",,,"03836/2324465","03836/202459",
"""Kleeblattschule""  Anklam - Förderschule mit dem Förderschwerpunkt geistige Entwicklung","MV-75235966","Baustraße 59, 17389 Anklam",,"Förderschule",,,"03971/242284","03971/211520",
"Schule Am Stettiner Haff Zirchow - Schule mit dem Förderschwerpunkt geistige Entwicklung","MV-75235967","Am Haff 12, 17419 Zirchow",,"Förderschule",,,"038376/29163","038376/20313",
"Schlossbergschule - Sonderpädagogisches Förderzentrum Pasewalk - Schule mit dem Förderschwerpunkt Lernen","MV-75236244","Schützenstraße 13, 17309 Pasewalk","www.schlossbergschule.com","Förderschule",,,"03973/2049787","03973/441024",
"Sonderpädagogisches Förderzentrum Eggesin - Schule mit dem Förderschwerpunkt Lernen","MV-75236246","Lindenstraße 35, 17367 Eggesin",,"Förderschule",,,"03834/87609401","03976/87604501",
"Randow-Schule Löcknitz\nSchule mit dem Förderschwerpunkt geistige Entwicklung ","MV-75236247","Am See 11, 17321 Löcknitz",,"Förderschule",,,"039754/51733","039754/51733",
"Schule mit dem Förderschwerpunkt geistige Entwicklung Ferdinandshof","MV-75236248","Gartenstraße 1, 17379 Ferdinandshof",,"Förderschule",,,"039778/28727","039778/28718",
"Integrierte Gesamtschule ""Erwin Fischer"" Greifswald","MV-75330122","Einsteinstraße 6, 17491 Greifswald",,"Integrierte Gesamtschule",,,"03834/889214","03834/500775",
"Europäische Gesamtschule Insel Usedom, Kooperative Gesamtschule","MV-75335952","Lindenstraße 112, 17419 Ahlbeck","www.kgs-ahlbeck.de","Kooperative Gesamtschule",,,"038378/336560","038378/28107",
"Regionale Schule ""Ernst Moritz Arndt"" Greifswald","MV-75430120","Arndtstraße 37, 17489 Greifswald","www.arndtschule.de","Regionale Schule",,,"03834/518449","03834/500062",
"Regionale Schule ""Caspar David Friedrich"" Greifswald","MV-75430128","Usedomer Weg 1, 17493 Greifswald","www.caspar-david-friedrich-schule-greifswald.de","Regionale Schule",,,"03834/830101","03834/840196",
"Regionale Schule Jarmen","MV-75435230","Demminer Straße 11, 17126 Jarmen","www.reg-schule-jarmen.de","Regionale Schule",,,"039997/12776","039997/10202",
"Regionale Schule Loitz","MV-75435231","Goethestraße 64, 17121 Loitz",,"Regionale Schule",,,"039998/10374","039998/10376",
"Regionale Schule ""Friedrich Schiller"" Anklam","MV-75435926","Eichenweg 6, 17389 Anklam",,"Regionale Schule",,,"03971/245608","03971/245649",
"Regionale Schule ""Käthe Kollwitz"" Anklam","MV-75435927","Baustraße 56/58, 17389 Anklam","www.kollwitzschule-anklam.de","Regionale Schule",,,"03971/213526","03971/210574",
"Regionale Schule ""G. L. Th. Kosegarten"" Wolgast","MV-75435929","Baustraße 16, 17438 Wolgast","www.regionalschule-kosegarten-wolgast.de","Regionale Schule",,,"03836/202219","03836/202168",
"Regionale Schule mit Grundschule Wolgast","MV-75435930","Heberleinstraße 32, 17438 Wolgast",,"Regionale Schule mit Grundschule",,,"03836/234019","03836/202172",
"Regionale Schule mit Grundschule ""Peenetal"" Gützkow","MV-75435931","Mascowstraße 12a, 17506 Gützkow",,"Regionale Schule mit Grundschule",,,"038353/50621","038353/201",
"Ostseeschule  Ückeritz","MV-75435933","Strandstraße 3, 17459 Ückeritz",,"Regionale Schule",,,"038375/20647","038375/20935",
"Regionale Schule ""Heinrich Heine"" Karlshagen","MV-75435935","Schulstraße 4, 17449 Karlshagen","www.Heinrich-Heine-Schule-Karlshagen.de","Regionale Schule",,,"038371/20293","038371/20239",
"Regionale Schule ""Am Teufelsstein"" Lubmin","MV-75435939","Seestraße 11, 17509 Lubmin",,"Regionale Schule",,,"038354/22840","038354/22836",
"Lindenschule Ducherow - Regionale Schule mit Grundschule","MV-75435944","Thomas-Müntzer-Straße 10, 17398 Ducherow","www.regionaleschule-durcherow.de","Regionale Schule mit Grundschule",,,"039726/25548","039726/25549",
"Regionale Schule mit Grundschule  ""Schule am Bodden"" Neuenkirchen","MV-75435948","Wampener Straße 19, 17498 Neuenkirchen","www.schuleambodden.de","Regionale Schule mit Grundschule",,,"03834/773972","03834/2478",
"Regionale Schule mit Grundschule Spantekow","MV-75435954","Schulstraße 8, 17392 Spantekow","www.schule-spantekow.de","Regionale Schule mit Grundschule",,,"039727/26770","039727/20358",
"Regionale Schule ""Arnold Zweig"" Pasewalk","MV-75436226","Pestalozzistraße 25, 17309 Pasewalk",,"Regionale Schule",,,"03973/216635","03973/216631",
"Regionale Schule ""Albert Einstein"" Torgelow","MV-75436228","A.-Einstein-Straße 3, 17358 Torgelow","www.einsteinschule.de","Regionale Schule",,,"03976/250745","03976/201320",
"Regionale Schule ""Ernst Thälmann"" Eggesin","MV-75436229","Luckower Straße 6a, 17367 Eggesin",,"Regionale Schule",,,"039779/60324","039779/20539",
"Regionale Schule ""Hanno Günther"" Ferdinandshof","MV-75436230","Friedrichstraße 33a, 17379 Ferdinandshof","www.schule.ferdinandshof.de","Regionale Schule",,,"039778/28155","039778/20233",
"Regionale Schule Löcknitz","MV-75436231","Am See 9, 17321 Löcknitz","www.regs-loecknitz.de","Regionale Schule",,,"039754/51564","039754/20611",
"Regionale Schule Penkun","MV-75436232","Stettiner Tor 4, 17328 Penkun",,"Regionale Schule",,,"039751/60266","039751/60265",
"Regionale Schule Ueckermünde","MV-75436234","Ueckerstraße 59, 17373 Ueckermünde","www.regionaleschule-ueckermuende.de","Regionale Schule",,,"039771/549919","039771/54990",
"Regionale Schule ""Am Wasserturm"" Strasburg","MV-75436236","Lindenstraße 3c, 17335 Strasburg","www.regionale-schule-strasburg.de","Regionale Schule",,,"039753/22514","039753/20493",
"Gymnasium ""Alexander von Humboldt"" Greifswald","MV-75530135","Makarenkostraße 54, 17491 Greifswald","www.humboldt-greifswald.de","Gymnasium",,,"03834/805666","03834/80560",
"Gymnasium ""Friedrich Ludwig Jahn"" Greifswald","MV-75530136","Dietrich-Bonhoeffer-Platz 1, 17489 Greifswald","www.jahngymnasium.de","Gymnasium",,,"03834/792222","03834/7920",
"Abendgymnasium ""Wolfgang Koeppen"" Greifswald","MV-75530138","Dietrich-Bonhoeffer-Platz 1, 17489 Greifswald","www.abendgym-greifswald.de","Abendgymnasium",,,"03834/885244","03834/885198",
"""Lilienthal-Gymnasium"" Anklam","MV-75535957","Leipziger Allee 22-25, 17389 Anklam",,"Gymnasium",,,"03971/243188","03971/243187",
"""Schloss-Gymnasium"" Gützkow","MV-75535958","Baron-von-Lepel-Platz 2, 17506 Gützkow","www.schlossgym-guetzkow.de","Gymnasium",,,"038353/50889","038353/257",
"Runge-Gymnasium Wolgast","MV-75535960","Schulstraße 1, 17438 Wolgast","www.runge-gymnasium-wolgast.de","Gymnasium",,,"03836/2363201","03836/2363200",
"Deutsch-Polnisches Gymnasium Löcknitz","MV-75536238","F.-Engels-Straße 5-6, 17321 Löcknitz","www.dpg-loecknitz.de","Gymnasium",,,"039754/21179","039754/21179",
"Gymnasium ""Oskar Picht"" Pasewalk","MV-75536239","Grünstraße 63, 17309 Pasewalk","www.gymnasium-pasewalk.de","Gymnasium",,,"03973/210220","03973/210203",
"Greifen-Gymnasium Ueckermünde","MV-75536242","Apfelallee 2, 17373 Ueckermünde","www.gymnasium-ueckermuende.de","Gymnasium",,,"039771/22597","039771/22596",
"Montessori-Grundschule ""Lambert Steinwich"" Stralsund","MV-75130501","An den Bleichen 27, 18435 Stralsund","www.montessori-grundschule-stralsund.de","Grundschule",,,"03831/308737","03831/308717",
"Grundschule""Karsten Sarnow"" Stralsund","MV-75130504","Arnold-Zweig-Straße 159, 18435 Stralsund",,"Grundschule",,,"03831/382814","03831/391082",
"Grundschule ""Ferdinand von Schill"" Stralsund","MV-75130506","Mühlgrabenstraße 6, 18437 Stralsund",,"Grundschule",,,"03831/481743","03831/498483",
"Grundschule ""Hermann Burmeister"" Stralsund","MV-75130508","Jaromarstraße 10, 18437 Stralsund","www.burmeister-grundschule-stralsund.de","Grundschule",,,"03831/443142","03831/495080",
"Grundschule ""Gerhart Hauptmann"" Stralsund","MV-75130509","Frankenwall  25, 18439 Stralsund","www.gs-hauptmann-stralsund.de","Grundschule",,,"03831/306072","03831/306073",
"Grundschule ""Juri Gagarin"" Stralsund","MV-75130510","Wallensteinstraße 8, 18435 Stralsund","www.gagarin-grundschule.de","Grundschule",,,"03831/302615","03831/391103",
"Grundschule Andershof","MV-75130515","Greifswalder Chaussee 65a, 18439 Stralsund","www.schule-andershof.de.vu","Grundschule",,,"03831/278058","03831/270574",
"Grundschule Bad Sülze","MV-75135701","Kastanienallee 7, 18334 Bad Sülze","www.grundschule-badsuelze.de","Grundschule",,,"038229/799956","038229/259",
"Grundschule Brandshagen","MV-75135706","Neuhöfer Straße 1, 18519 Brandshagen",,"Grundschule",,,"038328/650047","038328/80403",
"Grundschule Dierhagen","MV-75135707","Strandstraße 4, 18347 Dändorf",,"Grundschule",,,"038226/267","038226/267",
"Grundschule ""Friedrich Wilhelm Wander"" Grimmen","MV-75135711","Norderhinterstraße 12, 18507 Grimmen",,"Grundschule",,,"038326/66621","038326/66620",
"Grundschule ""Dr. Theodor Neubauer"" Grimmen","MV-75135712","Zum Rodelberg 2, 18507 Grimmen",,"Grundschule",,,"038326/46578","038326/46567",
"Grundschule Horst","MV-75135713","Dorfstraße, 18519 Horst",,"Grundschule",,,"038333/213","038333/213",
"Grundschule Süderholz","MV-75135715","Schulstraße 6, 18516 Süderholz",,"Grundschule",,,"038332/384","038332/314",
"Grundschule ""Thomas Müntzer"" Lüdershagen","MV-75135717","Dorfstrasse 4, 18314 Lüdershagen","www.grundschule-thomas-müntzer-lüdershagen.de","Grundschule",,,"038227/599953","038227/331",
"Kranich - Grundschule Altenpleen","MV-75135719","Stralsunder Straße 27, 18445 Altenpleen",,"Grundschule",,,"038323/268702","038323/824",
"Grundschule "" Heinrich Bandlow"" Tribsees","MV-75135722","Karl-Worm-Straße 1, 18465 Tribsees","www.grundschule-tribsees.de","Grundschule",,,"038320/183180","038320/342",
"Grundschule Velgast","MV-75135723","E.-Thälmann-Straße 44, 18469 Velgast","www.grundschule-velgast.de","Grundschule",,,"038324/89206","038324/89205",
"Grundschule ""Theodor Bauermeister"" Ribnitz-Damgarten","MV-75135731","Bauermeisterplatz 1, 18311 Ribnitz-Damgarten","www.bauermeisterschule.de","Grundschule",,,"03821/390158","03821/810226",
"Grundschule ""Karl Krull"" Steinhagen","MV-75135733","Schulstraße 2, 18442 Steinhagen","www.grundschule-karl-krull-steinhagen.de","Grundschule",,,"038327/61455","038327/60649",
"Grundschule Abtshagen","MV-75135743","Wittenhäger Straße 14, 18510 Abtshagen",,"Grundschule",,,"038327/40704","038327/703",
"Zentrale Grundschule ""F.-A.-Nobert"" Barth","MV-75135754","Chausseestraße 21, 18356 Barth","www.norbert-schule.de","Grundschule",,,"038231/82274","038231/2554",
"Grundschule Grammendorf","MV-75135756","Dorfstraße 65, 18513 Grammendorf","www.schule-grammendorf.de","Grundschule",,,"038334/69306","038334/69303",
"Grundschule Marlow","MV-75135757","An der Schule 2, 18337 Marlow","www.grundschule-gresenhorst.de","Grundschule",,,"038224/44520","038224/234",
"Recknitz-Grundschule Ahrenshagen","MV-75135774","Hauptstraße 34, 18320 Ahrenshagen","www.recknitz-gs.de","Grundschule",,,"038225/515715","038225/515711",
"Grundschule ""Altstadt"" Bergen","MV-75136104","Breitsprecherstraße 18, 18528 Bergen auf Rügen","www.grundschule-altstadt-bergen.de","Grundschule",,,"03838/822475","03838/22139",
"Grundschule ""Am Rugard"" Bergen","MV-75136105","Königstraße 23c, 18528 Bergen auf Rügen",,"Grundschule",,,"03838/8227953","03838/253399",
"Grundschule Binz","MV-75136106","Dollahner Straße 77, 18609 Binz","www.grundschule-binz.de","Grundschule",,,"038393/14534","038393/2327",
"Grundschule Garz","MV-75136111","Lindenstraße 27, 18574 Garz/Rügen",,"Grundschule",,,"038304/320","038304/320",
"Grundschule  Putbus","MV-75136116","Lauterbacher Straße 6, 18581 Putbus",,"Grundschule",,,"038301/61180","038301/547",
"Grundschule Sagard","MV-75136117","Schulstraße 15, 18551 Sagard",,"Grundschule",,,"038302/51408","038302/2001",
"Grundschule Samtens","MV-75136118","Neubaustraße 32, 18573 Samtens",,"Grundschule",,,"038306/21121","038306/1300",
"Grundschule ""Ostseeblick"" Sassnitz","MV-75136120","Schulstraße 5, 18546 Sassnitz","www.nationalparkschule-ostseeblick.de","Grundschule",,,"038392/649759","038392/32360",
"Grundschule Sellin","MV-75136123","Granitzer Straße 1b, 18586 Sellin","www.grundschule-sellin.de","Grundschule",,,"038303/85472","038303/87320",
"Grundschule Wiek","MV-75136124","Hauptstraße 35, 18556 Wiek","www.grundschule-wiek.de","Grundschule",,,"038391/70302","038391/70302",
"Grundschule ""Mönchgut"" Gager","MV-75136126","Boddenstraße 1a, 18586 Gager","www.Grundschule-Moenchgut.de","Grundschule",,,"038308/30236","038308/8235",
"Sonderpädagogisches Förderzentrum der Hansestadt Stralsund - Schule mit dem Förderschwerpunkt Lernen und Grundschulteil mit Förderschwerpunkt Sprache","MV-75230523","Kleine Parower Straße 39, 18435 Stralsund","www.foerderzentrum-stralsund.de","Förderschule",,,"03831/307191","03831/391084",
"Förderschule ""Astrid Lindgren"" Stralsund - Schule mit Förderschwerpunkt geistige Entwicklung","MV-75230524","L.-Feuchtwanger-Straße 34, 18435 Stralsund","www.stralsund.de/schulen/lindgren","Förderschule",,,"03831/374830","03831/390525",
"Förderschule ""Ernst von Haselberg"" Stralsund - Schule mit Förderschwerpunkt Unterricht kranker Schülerinnen und Schüler sowie mit Förderschwerpunkt emotionale und soziale Entwicklung","MV-75230525","Rostocker Chaussee 70 , 18437 Stralsund",,"Förderschule",,,"03831/452675","03831/452665",
"Förderschule ""Jan-Amos-Komensky"" Barth - Schule mit dem Förderschwerpunkt Lernen","MV-75235767","Uhlenflucht 5, 18356 Barth",,"Förderschule",,,"038231/66371","038231/2275",
"Sonderpädagogisches Förderzentrum Grimmen - Schule mit dem Förderschwerpunkt Lernen","MV-75235769","Dr.-Kurt-Fischer-Straße 13, 18507 Grimmen","www.foerderzentrum-grimmen.de","Förderschule",,,"038326/53735","038326/2423",
"Förderzentrum ""Johann Heinrich Pestalozzi"" Ribnitz-Damgarten - Schule mit dem Förderschwerpunkt Lernen","MV-75235770","Minsker Straße 11, 18311 Ribnitz-Damgarten",,"Förderschule",,,"03821/894816","03821/2784",
"""Sonnenblumenschule"" Franzburg - Schule mit dem Förderschwerpunkt geistige Entwicklung","MV-75235771","Karl-Marx-Straße 25, 18461 Franzburg","www.sonnenblumenschule-franzburg.de","Förderschule",,,"038322/589948","038322/50209",
"""Rosenhofschule"" Ribnitz-Damgarten  - Schule mit dem Förderschwerpunkt geistige Entwicklung","MV-75235773","G.-A.-Demmler-Straße, 18311 Ribnitz-Damgarten","www.rosenhofschule.de","Förderschule",,,"03821/811235","03821/2740",
"Sonderpädagogisches Förderzentrum ""Klaus Störtebeker"" Bergen - Schule mit dem Förderschwerpunkt Lernen","MV-75236154","Störtebekerstraße 8a, 18528 Bergen auf Rügen",,"Förderschule",,,"03838/828102","03838/23012",
"Schulzentrum am Sund Stralsund - Verbundene Regionale Schule und Gymnasium","MV-75330519","Frankenhof 8, 18439 Stralsund","www.schulzentrum-am-sund.de","Kooperative Gesamtschule",,,"03831/303977","03831/292438",
"Integrierte Gesamtschule ""Grünthal"" -mit gymnasialer Oberstufe Stralsund","MV-75330522","Grünthal 12, 18437 Stralsund","www.igs-gruenthal.de","Integrierte Gesamtschule",,,"03831/444476","03831/498520",
"Gymnasiales Schulzentrum Barth,\nKooperative Gesamtschule","MV-75335762","Uhlenflucht 5, 18356 Barth",,"Kooperative Gesamtschule",,,"038231/673222","038231/6730",
"Regionale Schule ""Hermann Burmeister"" Stralsund","MV-75430511","Jaromarstraße 10, 18437 Stralsund","www.burmeisterschule-stralsund.de","Regionale Schule",,,"03831/445805","03831/494891",
"Regionale Schule ""Adolph Diesterweg"" Stralsund","MV-75430513","Rudolf-Virchow-Straße 23, 18435 Stralsund","www.diesterweg-stralsund.de","Regionale Schule",,,"03831/308381","03831/380088",
"Regionale Schule ""Marie Curie"" Stralsund","MV-75430514","L. Feuchtwanger-Straße 35, 18435 Stralsund","www.curie-schule.de","Regionale Schule",,,"03831/383023","03831/382575",
"Regionale Schule ""Robert Koch"" Grimmen","MV-75435736","Str. der Befreiung 73, 18507 Grimmen","www.kochschule-grimmen.de","Regionale Schule",,,"038326/455453","038326/2351",
"Regionale Schule  ""An der Prohner Wiek"" Prohn","MV-75435739","Ringstraße 10, 18445 Prohn","www.rs-prohn.de","Regionale Schule",,,"038323/71138","038323/216",
"Regionale Schule ""Rudolf Harbig"" Ribnitz-Damgarten","MV-75435740","Schulstraße 13, 18311 Ribnitz-Damgarten","www.rudolf-harbig-schule.de","Regionale Schule",,,"03821/720441","03821/62019",
"Regionale Schule mit Grundschule ""bernsteinSchule"" Ribnitz-Damgarten","MV-75435741","G.-Adolf-Demmlerstraße 4, 18311 Ribnitz-Damgarten","www.bernsteinschule.de","Regionale Schule mit Grundschule",,,"03821/810703","03821/810425",
"Martha-Müller-Grählert-Schule Franzburg","MV-75435744","Platz des Friedens 15a, 18461 Franzburg","www.schule-franzburg.de","Regionale Schule mit Grundschule",,,"038322/58541","038322/736",
"Regionale Schule  Reinberg","MV-75435746","Schulweg 1, 18519 Reinberg","www.schule-reinberg.de","Regionale Schule",,,"038328/80825","038328/80825",
"Regionale Schule Recknitz-Trebeltal","MV-75435750","Karl-Worm-Straße 2, 18465 Tribsees","www.regionale-schule-tribsees.com","Regionale Schule",,,"038320/47946","038320/47941",
"Regionale Schule mit Grundschule Zingst","MV-75435753","Schulstraße 1, 18374 Zingst","www.regionale-schule-zingst.de","Regionale Schule mit Grundschule",,,"038232/169620","038232/16960",
"Regionale Schule mit Grundschule ""Prof. Pflugradt"" Niepars","MV-75435758","Gartenstraße 86, 18442 Niepars","www.schule-niepars.de","Regionale Schule mit Grundschule",,,"038321/310","038321/310",
"Regionale Schule ""Am Rugard"" Bergen","MV-75436131","Sassnitzer Chaussee 7A, 18528 Bergen auf Rügen",,"Regionale Schule",,,"03838/2010451","03838/2010450",
"Regionale Schule Binz","MV-75436132","Ringstraße 5, 18609 Binz","www.regionale-schule-binz.de","Regionale Schule",,,"038393/32627","038393/2842",
"Regionale Schule am Burgwall Garz","MV-75436134","Am Burgwall 7, 18574 Garz/Rügen","www.burgwallschule-garz.de","Regionale Schule",,,"038304/12559","038304/329",
"Regionale Schule ""Am Grünen Berg"" Bergen","MV-75436142","Störtebekerstraße 8c, 18528 Bergen auf Rügen","www.regs-am-gruenen-berg.de","Regionale Schule",,,"03838/404647","03838/23249",
"Regionale Schule mit Grundschule Gingst","MV-75436143","H.-Matern-Straße 1, 18569 Gingst","www.schulegingst.de","Regionale Schule mit Grundschule",,,"038305/55187","038305/55184",
"Regionale Schule Sassnitz","MV-75436145","Geschw.-Scholl-Straße 8, 18546 Sassnitz","www.regionale-schule-sassnitz.de","Regionale Schule",,,"038392/63109","038392/32176",
"Regionale Schule ""Windland"" Altenkirchen","MV-75436146","Schulstraße 1, 18556 Altenkirchen",,"Regionale Schule",,,"038391/439854","038391/216",
"Regionale Schule ""Tom Beyer"" Göhren","MV-75436147","G.-Hauptmann-Straße 1, 18586 Göhren","www.regs-goehren.de","Regionale Schule",,,"038308/669867","038308/2163",
"Regionale Schule mit Grundschule Vitte","MV-75436150","Schulweg 4, 18565 Vitte","www.schule-insel-hiddensee.de","Regionale Schule mit Grundschule",,,"038300/608957","038300/608955",
"""Hansa -Gymnasium"" Stralsund","MV-75530520","Fährwall 19, 18439 Stralsund","www.hansagymnasium-stralsund.de","Gymnasium",,,"03831/289625","03831/28960",
"Gymnasium Grimmen","MV-75535764","Anemonenweg 2, 18507 Grimmen","www.gymnasiumgrimmen.de","Gymnasium",,,"038326/67149","038326/6710",
"Gymnasium ""Richard Wossidlo"" Ribnitz-Damgarten","MV-75535766","Schulstraße 15, 18311 Ribnitz-Damgarten","www.wossidlogymnasium.de","Gymnasium",,,"03821/708924","03821/708911",
"Gymnasium ""Ernst Moritz Arndt"" Bergen","MV-75536151","Arndtstraße 7, 18528 Bergen auf Rügen","www.emagymn-bergen.de","Gymnasium",,,"03838/255436","03838/3150280",
