"Name","Straße","PLZ","Ort","Bundesland","Type","Jahr","id"
"Adolf-Gänshirt-Schule","","","Eichstätten","","","","0"
"Albeck Gymnasium","","","Sulz a. Neckar","","","","0"
"Albert-Einstein-Gymnasium","","","Böblingen","","","","0"
"Albert-Schweitzer-Gymnasium","","","Crailsheim","","","","0"
"Albrecht-Berblinger-Gemeinschaftsschule","","","Ulm","","","","40"
"Alemannenschule Denzlingen","","","Denzlingen","","","","0"
"Anne-Frank-Realschule","","","Ettlingen","","","","0"
"Altenburgschule","","","Stuttgart","","","","3"
"August- Lämmle- Schule","","","Leonberg","","","","0"
"August-Ruf-Bildungszentrum","","","Ettenheim","","","","0"
"Berkenschule Holzgerlingen","","","Holzgerlingen","","","","0"
"Berufliche Schule Münsingen","","","Münsingen","","","","0"
"Berufliche Schule","","","Riedlingen","","","","1"
"Berufliches Schulzentrum","","","Waldkirch","","","","9"
"Brandenkopf-Schule","","","Oberhamersbach","","","","0"
"BZN-Gymnasium","","","Reutlingen","","","","0"
"Canisius Schule","","","Bopfingen-Unterriffingen","","","","0"
"Carl-Orff-Förderschule","","","Ettlingen","","","","0"
"Carl-Schaefer-Schule","","","Ludwigsburg","","","","0"
"Dreißentalschule","","","Oberkochen","","","","0"
"Eichendorff-Schule","","","Offenburg","","","","0"
"Elise von König-Schule","","","Stuttgart-Münster","","","","0"
"Ernst-Sigle-Gymnasium","","","Kornwestheim","","","","0"
"Erwin-Schweizer-Schule","","","Ottenhöfen","","","","0"
"Eschachschule","","","Dunningen","","","","0"
"Eugen-Bolz-Realschule","","","Ellwangen","","","","0"
"Förderschule Waldkirch","","","Waldkirch","","","","9"
"Freie Aktive Schule KA Karlsruhe e. V.","","","Karlsruhe","","","","1"
"Freie Evangelische Schule","","","Reutlingen","","","","0"
"Freie Evangelische Schule","","","Stuttgart","","","","3"
"Freie Interkulturelle Waldorfschule","","","Mannheim","","","","1"
"Freie Schule Elztal","","","Waldkirch","","","","9"
"Friedrich-Schelling-Schule","","","Löchgau","","","","0"
"Fritz-Boehle-Hauptschule","","","Emmendingen","","","","0"
"Fürstabt-Gerbert-Schule","","","Blasien","","","","0"
"Gebhard-Müller-Schule","","","Biberach","","","","0"
"Gemeinschaftsschule","","","Manzenberg","","","","0"
"Gemeinschaftsschule i. Illertal","","","Illertal","","","","0"
"Gemeinschaftsschule","","","Konstanz","","","","0"
"Geschwister-Scholl-Schule","","","Konstanz","","","","0"
"Gewerbliche Schule","","","Backnang","","","","0"
"Gewerbliche Schule","","","Öhringen","","","","0"
"Gewerbliche Schule","","","Ravensburg","","","","1"
"GHS Gutach i. Breisgau","","","Gutach im Breisgau","","","","0"
"GHS Hinterzarten-Breitnau","","","Hinterzarten-Breitnau","","","","0"
"GHS Hohberg","","","Hohberg","","","","0"
"GHSWR Eichholz","","","Sindelfingen","","","","0"
"GMS Hardtschule","","","Durmersheim","","","","0"
"Gotthard-Müller-Werkrealschule","","","Filderstadt","","","","0"
"Grund- und Hauptschule Buchholz","","","Waldkirch","","","","9"
"Grund-und Werkrealschule Ostheim","","","Stuttgart","","","","3"
"GWRS","","","Kirchberg","","","","32"
"Gymnasium Friedrich II","","","Lorch","","","","0"
"Gymnasium Mengen","","","Mengen","","","","1"
"Gymnasium Ebingen","","","Albstadt","","","","0"
"Gymnasium Renningen","","","Renningen","","","","0"
"Hans-Grüninger-Gymnasium","","","Markgröningen","","","","0"
"Hans Müller-Wiedemann Schule","","","Mannheim","","","","1"
"Härtsfeldschule Neresheim","","","Neresheim","","","","0"
"Heidelberger Privatschulcentrum (HPC)","","","Heidelberg","","","","1"
"Heinrich-Steinhöwel-Schule","","","Weil der Stadt","","","","0"
"Heisenberg-Gymnasium","","","Bruchsal","","","","0"
"Helene-Lange-Realschule","","","Heilbronn","","","","1"
"Helene-Lange-Gymnasium","","","Markgröningen","","","","0"
"Hellbergschule Brombach","","","Brombach","","","","0"
"Helmbundschule Neuenstadt","","","Neuenstadt","","","","0"
"Herbert-Hoover-Schule","","","Stuttgart/Freiberg","","","","0"
"Herzog-Christoph-Gymnasium","","","Beilstein","","","","0"
"Hirschbergschule","","","Ludwigsburg","","","","0"
"Hochschule Ulm","","","Ulm","","","","40"
"Humboldt-Gymnasium Ulm","","","Ulm","","","","40"
"IGS Otterberg","","","Otterberg","","","","0"
"Immanuel-Kant-Gymnasium","","","Leinfelden-Echterdingen","","","","0"
"Interkulturelles Bildungszentrum Mannheim gGmbH","","","Mannheim","","","","1"
"it. Schule Stuttgart (Ausbildungszentrum für IT- und Medienberufe)","","","Stuttgart","","","","3"
"J.S.Bach-Schule","","","Weinheim","","","","0"
"Jacob-Löffler-Schule","","","Löchgau","","","","0"
"Jörg-Ratgeb-Schule","","","Stuttgart","","","","3"
"Johann Brücker Real- u. WRS","","","Schönaich","","","","0"
"Johann-Peter-Hebel-Realschule","","","Waghäusel","","","","0"
"Johannes-Gaiser-WRS","","","Baiersbronn","","","","0"
"Johanniter Realschule","","","Heitersheim","","","","0"
"Joß-Fritz-Realschule","","","Bruchsal-Untergrombach","","","","0"
"Justinus-Kerner-Schule","","","Ludwigsburg","","","","0"
"Justus-von-Liebig-Schule","","","Aalen","","","","0"
"Karl-Brachat-Realschule","","","VS-Villingen","","","","0"
"Karl-Ehrhard-Scheufelen Realschule","","","Lenningen","","","","0"
"Karl-Maybach-Gymnasium","","","Friedrichshafen","","","","0"
"Kastelbergschule","","","Waldkirch","","","","9"
"Kepler-Gymnasium","","","Ulm","","","","40"
"kikuma Kinderatelier","","","Dornstadt-Bollingen","","","","0"
"Kinder- u. Jugendförderung","","","Ostfildern","","","","0"
"Kirbachschule WRS","","","Hohenhaslach","","","","0"
"Konrad-Kocher-Schule","","","Ditzingen","","","","0"
"kursivTraining","","","Stuttgart","","","","3"
"Kurt-von-Marval-Schule","","","Nordheim","","","","1"
"Linden-Realschule","","","Stuttgart","","","","3"
"Ludwig-Erhard-Schule","","","Pforzheim","","","","0"
"Ludwig-Frohnhäuser-Schule","","","Wimpfen","","","","0"
"Luginslandschule","","","Stuttgart","","","","3"
"Magdalena-Neff-Schule","","","Ehingen","","","","1"
"Markgrafen-Realschule","","","Emmendingen","","","","0"
"Martin-Schleyer-Gymnasium","","","Lauda-Königshofen","","","","0"
"Matthias-Erzberger-Schule","","","Biberach","","","","0"
"Max-Planck-Realschule","","","Bretten","","","","0"
"Max-Weber-Schule","","","Freiburg","","","","1"
"Merian-Schule","","","Epfenbach","","","","0"
"Michael-Ende-Gemeinschafts-Schule","","","Bad Schönborn","","","","0"
"Mönchsee Gymnasium","","","Heilbronn","","","","1"
"Mörikeschule","","","Backnang","","","","0"
"Nikolaus-Christian-Sander GHS","","","Köndringen","","","","0"
"Oscar-Paret-Schule","","","Freiberg am Neckar","","","","0"
"Otto-Hahn Gymnasium","","","Böblingen","","","","0"
"Otto-Hahn-Gymnasium","","","Ostfildern","","","","0"
"Otto-Hahn-Gymnasium","","","Tuttlingen","","","","0"
"Otto-Hahn-Realschule","","","Lahr","","","","0"
"Pädagogische Hochschule","","","Freiburg","","","","1"
"Pädagogisches Fachseminar Karlsruhe","","","Karlsruhe","","","","1"
"Pädagogisches Fachseminar Kirchheim","","","Kirchheim","","","","7"
"Pädagogisches Fachseminar","","","Schwäbisch Gmünd","","","","0"
"Parkschule WRS","","","Gaildorf","","","","0"
"Pestalozzi-Schule","","","Friedrichshafen","","","","0"
"Pestalozzi-WRS","","","Tauberbischofsheim","","","","0"
"Peter-Bruckmann-Schule","","","Heilbronn","","","","1"
"Peter-Rosegger-Schule","","","Reutlingen","","","","0"
"Pfarrwiesengymnasium","","","Sindelfingen","","","","0"
"Realschule Blaustein","","","Blaustein","","","","0"
"Realschule Güglingen","","","Güglingen","","","","0"
"Realschule Korntal/ Münchingen","","","Münchingen","","","","0"
"Realschule Krautheim","","","Krautheim","","","","0"
"Realschule Lenningen","","","Lenningen","","","","0"
"Realschule Markgröningen","","","Markgröningen","","","","0"
"Realschule Neckartenzlingen","","","Neckartenzlingen","","","","0"
"Realschule Renningen","","","Renningen","","","","0"
"Realschule Schömberg","","","Schömberg","","","","0"
"Robert-Schumann-Schule","","","Baden-Baden","","","","0"
"Robert-Schuman-Realschule","","","Waldshut","","","","0"
"RS Titisee-Neustadt","","","Titisee-Neustadt","","","","0"
"Schlossbergschule","","","Kappelrodeck","","","","0"
"Schubart-Gymnasium Ulm","","","Ulm","","","","40"
"Schule im Sand","","","Bietingheim","","","","0"
"Schulzentrum Freiamt","","","Freiamt","","","","0"
"Seckenheimschule","","","Mannheim","","","","1"
"Sibilla-Egen-Schule","","","Schwäbisch Hall","","","","0"
"Staatl. Schule für Sehbehinderte","","","Waldkirch","","","","9"
"Staatl. Seminar für Didaktik u. Lehrerbildung","","","Sindelfingen","","","","0"
"Staatliches Seminar für Didaktik und Lehrerausbildung Freiburg","","","Freiburg","","","","1"
"Technisches Gymnasium – Gewerbl. Schule Schwäbisch-Gmünd","","","Schwäbisch Gmünd","","","","0"
"Theodor-Frank-Realschule","","","Teningen","","","","0"
"Theodor-Heus-GWRS","","","Brackenheim","","","","0"
"Theodor-Heus-Realschule","","","Kornwestheim","","","","0"
"Turmbergschule","","","Weingarten (Baden)","","","","0"
"Uhland Realschule","","","Aalen","","","","0"
"Universität Freiburg","","","Institut für Landespflege","Freiburg","","","0"
"Walter-Hensel-Schule","","","Göppingen","","","","0"
"Werner-Heisenberg-Gymnasium","","","Göppingen","","","","0"
"Wilhelm-Hildenbrand-Schule","","","Vogtsburg","","","","0"
"Wilhelm-Maybach-Schule","","","Stuttgart","","","","3"
"Wilhelms-Gymnasium Stuttgart","","","Stuttgart","","","","3"
"Willy-Brandt-Realschule","","","Königsbach-Stein","","","","0"
"Wolftalschule","","","Oberwolfach","","","","0"
"Adalbert-Stifter-VS","","","Forchheim","","","","13"
"Adolf-Kolping-Berufsschule","","","München","","","","370"
"Adolph-Kolping-BS","","","Bamberg","","","","40"
"Alberft-Blankertz-Mittelschule","","","Redwitz","","","","2"
"Alfons-Lindner-Schule","","","Tiefenbach","","","","4"
"Georg-Huber-Mittelschule Grafing","","","Grafing","","","","6"
"Mittelschule Poing","","","Poing","","","","2"
"Mittelschule Erding","","","Erding","","","","16"
"Mittelschule Ismaning","","","Ismaning","","","","5"
"Berthold-Brecht-Realschule","","","Augsburg","","","","83"
"Berufsschule St. Erhard","","","Plattling","","","","4"
"Betty Staedtler-Mittelschule","","","Wassertrüdingen","","","","4"
"Brentano-VS","","","Aschaffenburg","","","","31"
"BS der Jugendsiedlung Traunreut e.V.","","","Traunreut","","","","7"
"Caspar-Löner-VS","","","Markt Erlbach","","","","1"
"Christoph-von-Schmid-Schule","","","Staatliche Realschule Thannhausen","","","","0"
"Dreifaltigkeits-Mittelschule","","","Amberg","","","","22"
"Erwin-Lesch-Schule","","","Neumarkt","","","","19"
"Förderzentrum Förderschwerpunkt Sprachen","","","Nürnberg","","","","138"
"Friedrich-von-Ellrodt-Mittelschule","","","Neudrossenfeld","","","","1"
"Fritz-Beck-Volksschule","","","Landsberg","","","","27"
"Fritz-Schäffer-Schule","","","Ostermünchen","","","","1"
"Gebrüder-Lachner-Mittelschule","","","Rain","","","","8"
"Gottfried-Kölwel-Volksschule","","","Beratzhausen","","","","1"
"Greta-Fischer-Schule Sonderpädagogisches Förderzentrum","","","Dachau","","","","18"
"Grundschule Hallerndorf","","","Hallerndorf","","","","1"
"Grund-und Mittelschule Siegsdorf","","","Siegsdorf","","","","1"
"Gymnasium Neutraubling","","","Neutraubling","","","","5"
"Gymnasium Penzberg","","","Penzberg","","","","7"
"Hans-Maier Realschule","","","Ichenhausen","","","","4"
"Hauptschule Bad Windsheim","","","Bad Windsheim","","","","9"
"Hauptschule Gräfenberg","","","Gräfenberg","","","","4"
"Hauptschule Neutraubling","","","Neutraubling","","","","5"
"Hauptschule Schnieglinger Strasse","","","Nürnberg","","","","138"
"Heimvolksschule Liebfrauenhaus","","","Herzogenaurach","","","","9"
"HS an der Wittelsbacher Straße","","","München","","","","370"
"HS Dachau Ost","","","Dachau Ost","","","","0"
"HS Frontenhausen","","","Frontenhausen","","","","1"
"HS Landau a.d. Isar","","","Landau","","","","7"
"HS West Fürstenfeldbruck","","","Fürstenfeldbruck","","","","12"
"HS Zwiesel","","","Zwiesel","","","","5"
"Hugo-von-Trimberg-VS","","","Niederwern","","","","0"
"Joh.-Georg-August-Wirth-Realschule","","","Hof","","","","90"
"Johannes-Causpinian-Volksschule","","","Kolitzheim","","","","4"
"Johann-Winklhofer-RS Landsberg","","","Landsberg","","","","27"
"Karl-Dehm-Schule","","","Schwabach","","","","13"
"Konrad-Volksschule","","","Regensburg","","","","63"
"Krötensee-VS","","","Sulzbach-Rosenberg","","","","6"
"Lindenschule","","","Memmingen","","","","16"
"Maria Caspar-Filser Schule","","","Brannenburg","","","","4"
"Marieluise-Fleißer-Realschule","","","München","","","","370"
"Markgrafen-Realschule Staatliche Realschule","","","Burgau","","","","5"
"Martinschule Sonderpäd. Förderzentrum II","","","Augsburg","","","","83"
"Max-Dingler-Volksschule","","","Murnau","","","","8"
"Max-Joseph-Volksschule","","","Großkarolinenfeld","","","","1"
"Mercator-Mittelschule","","","Königsbrunn","","","","10"
"Mittelschule Bad Neustadt","","","Bad Neustadt a.d. Saale","","","","0"
"Mittelschule Berngau","","","Berngau","","","","1"
"Mittelschule Burgau","","","Burgau","","","","5"
"Mittelschule Diedorf","","","Diedorf","","","","2"
"Mittelschule Ebelsbach","","","Ebelsbach","","","","2"
"Mittelschule Ebern","","","Ebern","","","","4"
"Mittelschule Erlangen Ernst-Penzoldt-Schule","","","Spardorf","","","","4"
"Mittelschule Freyung","","","Freyung","","","","9"
"Mittelschule Friesenried","","","Friesenried","","","","1"
"Mittelschule Hohenwart","","","Hohenwart","","","","3"
"Mittelschule Ingolstadt Auf der Schanz","","","Ingolstadt auf der Schanz","","","","0"
"Mittelschule Mammendorf","","","Mammendorf","","","","1"
"Mittelschule Mering","","","Mering","","","","4"
"Mittelschule Nabburg","","","Nabburg","","","","5"
"Mittelschule Nürnberg Bismarckstraße","","","Nürnberg","","","","138"
"Mittelschule Pfeffenhausen","","","Pfeffenhausen","","","","1"
"Mittelschule Tutzing","","","Tutzing","","","","4"
"Mittelschule Vohburg","","","Vohburg","","","","1"
"Montessori-VS","","","Moosach-Niederseeon","","","","0"
"Münster-Volksschule","","","Hof","","","","90"
"Nikolaus-Fey-Mittelschule","","","Wiesentheid","","","","3"
"Otfried-Preußler-VS","","","Stephanskirchen","","","","2"
"Paul-Klee-Gymnasium","","","Gersthofen","","","","7"
"Pauline-Thoma-Mittelschule","","","Kolbermoor","","","","3"
"Parzival-HS","","","Amorbach","","","","4"
"Pestalozzi-Mittelschule","","","Regensburg","","","","63"
"Prälat-Schilcher-Berufsschule","","","Augsburg","","","","83"
"Private Realschule Gut Warnberg","","","München","","","","370"
"Privates Förderzentrum – Förderschwerpunkt geistige Entwicklung","","","Marktredwitz","","","","7"
"Rektor-Werner-Ziegler-Schule","","","Senden","","","","21"
"Richard-Wagner-Gymnasium","","","Bayreuth","","","","39"
"Rückert-Volksschule","","","Coburg","","","","25"
"Sabel München","","","München","","","","370"
"Schiller-Volksschule","","","Augsburg-Lechhausen","","","","0"
"Schönbergschule VS","","","Aschaffenburg","","","","31"
"Sonderpäd. Förderzentrum Nürnberg an der Bärenschanze","","","Nürnberg","","","","138"
"Sonderpädagogisches Förderzentrum im Landkreis Weißenburg-Gunzenhausen","","","Weißenburg-Gunzenhausen","","","","0"
"St.Georg-VS","","","Bad Aibling","","","","6"
"St.Nikola Mittelschule Landshut","","","Landshut","","","","28"
"Staatliche Berufsschule Freising","","","Freising","","","","19"
"Staatliche Berufsschule I Fürth","","","Fürth","","","","32"
"Staatliche Berufsschule zur sonderpädagogischen Förderung","","","Ansbach","","","","28"
"Staatliche Realschule Ichenhausen","","","Ichenhausen","","","","4"
"Staatliche RS Buchloe","","","Buchloe","","","","5"
"Staatliche Wirtschaftsschule Wunsiedel","","","Wunsiedel","","","","5"
"Städtische Peter-Vischer-Schule","","","Nürnberg","","","","138"
"SV Salzachtal","","","Fridolfing","","","","1"
"Volkshochschule Kolbermoor","","","Kolbermoor","","","","3"
"Volksschule Großweinstein","","","Großweinstein","","","","0"
"VS Am Lauterberg","","","Lautertal","","","","1"
"VS Babenhausen","","","Babenhausen","","","","3"
"VS Bad Abbach","","","Abbach","","","","2"
"VS Bad Bocklet","","","Bocklet","","","","1"
"VS Bad Endorf","","","Bad Endorf","","","","1"
"VS Breitengüßbach","","","Breitengüßbach","","","","1"
"VS Buchenberg","","","Buchenberg","","","","1"
"VS Buchloe","","","Bouchloe","","","","0"
"VS Burgkunstadt","","","Burgkunstadt","","","","5"
"VS Dachau-Ost","","","Dachau-Ost","","","","0"
"VS Ebersdorf b. Coburg","","","Ebersdorf bei Coburg","","","","0"
"VS Feuchtwangen-Land","","","Feuchtwangen-Land","","","","0"
"VS FFB Nord","","","Fürstenfeldbruck","","","","12"
"VS Frensdorf-Pettstadt","","","Frensdorf-Pettstadt","","","","0"
"VS Fürth","","","Fürth","","","","32"
"VS Garching b. München","","","Garching","","","","7"
"VS Gemünden am Main","","","Gemünden am Main","","","","0"
"VS Hammelburg","","","","","","","21445"
"VS Herrsching","","","","","","","21445"
"VS Hohenbrunn","","","","","","","21445"
"VS Karlshuld","","","","","","","21445"
"VS Karlshuld","","","","","","","21445"
"VS Kronwinkl in Eching","","","","","","","21445"
"VS Lenting","","","","","","","21445"
"VS Lindenberg i. Allgäu","","","","","","","21445"
"VS Marktheidenfeld","","","","","","","21445"
"VS Mittenwald","","","","","","","21445"
"VS München am Winthirplatz","","","","","","","21445"
"VS München an der Zielstattstraße","","","","","","","21445"
"VS Nürnberg Hummelsteiner Weg","","","","","","","21445"
"VS Oberau","","","Oberau","","","","4"
"VS Passau St. Nikola","","","","","","","21445"
"VS Rosenheim-Aising","","","","","","","21445"
"VS Sennfeld","","","","","","","21445"
"VS Tutzing","","","","","","","21445"
"VS Unterhaching","","","","","","","21445"
"VS Waging a. See","","","","","","","21445"
"VS Wallerfing","","","","","","","21445"
"VS Wassertrüdingen","","","","","","","21445"
"VS Weiler","","","","","","","21445"
"VS Weißenburg i. Bayern","","","","","","","21445"
"VS Wilburgstetten","","","","","","","21445"
"Walter-Höllerer-Realschule","","","Staatliche RS","Sulzbach-Rosenberg","","","0"
"Wirtschaftsschule Begemann e.V","","","München","","","","370"
"Berufsbildungszentrum Lette-Verein","","","","","","","21445"
"Brillat-Savarin-Schule","","","OSZ Gastgewerbe","","","","0"
"Dreilinden Gymnasium","","","","","","","21445"
"Ellen Key Oberschule","","","","","","","21445"
"Erste Gemeinschaftsschule Berlin-Mitte","","","","","","","21445"
"Europäisches Gymnasium Bertha-von-Suttner","","","","","","","21445"
"Evangelische Schule Berlin Zentrum","","","","","","","21445"
"Ellen-Key-Schule","","","","","","","21445"
"FairBindung e.V.","","","","","","","21445"
"Frameworks e.V.","","","","","","","21445"
"Freie Montessori Schule Berlin","","","","","","","21445"
"Fritz Karsen Schule","","","","","","","21445"
"Fritz-Kühn-Schule Berlin","","","","","","","21445"
"Gottfried Keller Gymnasium","","","","","","","21445"
"Hans-Grade-Oberschule","","","","","","","21445"
"Heinz-Brandt-Schule Berlin","","","","","","","21445"
"Hermann-Ehlers-Schule","","","Berlin","","","","1305"
"Hermann-von-Helmholtz-Schule","","","","","","","21445"
"Jean-Krämer-Schule","","","","","","","21445"
"Kant-Oberschule Berlin","","","","","","","21445"
"Katholische Schule Salvator","","","","","","","21445"
"Katholische Schule St. Franziskus Berlin","","","","","","","21445"
"Kepler Oberschule","","","","","","","21445"
"Kläre-Bloch-Schule","","","","","","","21445"
"Konrad-Wachsmann-Oberschule","","","","","","","21445"
"Max Delbrück Gymnasium","","","","","","","21445"
"Oberschule am Rathaus","","","","","","","21445"
"OSZ Bekleidung und Mode","","","","","","","21445"
"OSZ IMT","","","Berlin","","","","1305"
"Marie Curie Gymnasium","","","","","","","21445"
"Moser-Schule Berlin","","","","","","","21445"
"Mediencollege Berlin Berufsfachschule","","","","","","","21445"
"Pestalozzi-Schule","","","","","","","21445"
"Primo-Levi-Gymnasium","","","","","","","21445"
"Robert Blum Gymnasium","","","","","","","21445"
"Röntgen Oberschule","","","","","","","21445"
"Schadow Gymnasium","","","","","","","21445"
"Theodor-Haubach-Oberschule","","","","","","","21445"
"Wilma-Rudolph-Schule","","","","","","","21445"
"Wilhelm-von-Siemens-Gymnasium","","","","","","","21445"
"Wolfgang-Borchert-Oberschule","","","","","","","21445"
"Albert Schweitzer Gesamtschule","","","Beeskow","","","","5"
"August-Bebel-Oberschule","","","Frankfurt/Oder","","","","0"
"Barnim Gymnasium Bernau","","","","","","","21445"
"Berufliche Schule Hangelsberg","","","","","","","21445"
"Emil-Fischer-Gymnasium","","","","","","","21445"
"Europaschule Storkow","","","","","","","21445"
"Fachoberschule Dr. P. Rahn und Partner Fürstenwalde","","","","","","","21445"
"Freie Oberschule Baruth","","","","","","","21445"
"Gesamtschule Petershagen","","","","","","","21445"
"Gesamtschule Müncheberg","","","","","","","21445"
"Gesamtschule Woltersdorf","","","","","","","21445"
"Gottlieb-Daimler-Schule","","","Ludwigsfelde","","","","9"
"Grund- und Oberschule Schenkenland","","","","","","","21445"
"Kooperationsschule Friesack","","","","","","","21445"
"Maxim Gorki GS Kleinmachnow","","","","","","","21445"
"Montessori-Oberschule Potsdam","","","","","","","21445"
"Oberstufenzentrum MOL","","","Strausberg","","","","14"
"Rouanet-Gymnasium","","","Beeskow","","","","5"
"Barnim Gymnasium Bernau","","","","","","","21445"
"OSZ Johanna Just Potsdam","","","","","","","21445"
"Adolph-Diesterweg-Oberschule Hennigsdorf","","","","","","","21445"
"Emil-Fischer-Gymnasium","","","Schwarzheide","","","","4"
"Sekundarschule “Adolph-Holst” Müncheln","","","","","","","21445"
"Mosaik-Gymnasium Oberhavel","","","Oranienburg","","","","22"
"Weinberg-Gymnasium Klein-Machnow","","","","","","","21445"
"Erwachsenenschule Bremen","","","","","","","21445"
"Gaußschule II","","","Bremerhaven","","","","48"
"Integrierte Stadtteilschule am Leibnitzplatz","","","","","","","21445"
"Integrierte Stadtteilschule Obervieland","","","","","","","21445"
"Johann-Heinrich-Pestalozzi-Schule Integrierte Stadtteilschule","","","","","","","21445"
"Landesinstitut für Schule – Bremen (LIS)","","","","","","","21445"
"Lehranstalten für Sozialpädagogik und Hauswirtschaft","","","Bremerhaven","","","","48"
"Schule am Leher Markt","","","Bremerhaven","","","","48"
"Schule an der Vegesacker Str.","","","1. Förderschule","","","","0"
"Schule In der Vahr","","","","","","","21445"
"SZ an der Flämischen Straße","","","","","","","21445"
"SZ Findorff","","","","","","","21445"
"SZ Helgolander Straße","","","","","","","21445"
"SZ Helsinkistraße","","","","","","","21445"
"SZ Wilhelm Wagenfeld Straße","","","","","","","21445"
"Wilhelm-Kaisen-Schule","","","","","","","21445"
"Wilhelm-Olbers-Schule","","","","","","","21445"
"Wilhelm-Raabe-Schule","","","Bremerhaven","","","","48"
"Abendschule vor dem Holstentor","","","","","","","21445"
"Erich-Kästner-Gesamtschule","","","","","","","21445"
"Förderschule An der Twiete","","","","","","","21445"
"Gesamtschule Bergstedt","","","","","","","21445"
"Gesamtschule Finkenwerder","","","","","","","21445"
"Gesamtschule Mümmelmannsberg","","","","","","","21445"
"Gesamtschule Stellingen","","","","","","","21445"
"GHR Langenhorn","","","","","","","21445"
"GHR Osterbrook","","","","","","","21445"
"GHS Stübenhofer Weg","","","","","","","21445"
"GS Allermühe","","","","","","","21445"
"GS Am Heidberg","","","","","","","21445"
"GS Kirchdorf","","","","","","","21445"
"Gymnasium Klosterschule","","","","","","","21445"
"Gymnasium Ohmoor","","","","","","","21445"
"Heinrich-Hertz-Schule","","","","","","","21445"
"HR Holstenhof","","","","","","","21445"
"Kath. Schule Neugraben","","","","","","","21445"
"Otto-Hahn-Gesamtschule","","","","","","","21445"
"Schule am Walde","","","","","","","21445"
"Schule Bramfelder Dorfplatz","","","","","","","21445"
"Schule Ehestorfer Weg","","","","","","","21445"
"Schule Hirtenweg","","","","","","","21445"
"Schule Langbargheide","","","","","","","21445"
"Staatl. Berufsschule Eidelstedt","","","","","","","21445"
"Stadtteilschule Barmbek","","","","","","","21445"
"Stadtteilschule Kirchberg","","","","","","","21445"
"Stadtteilschule Rissen","","","","","","","21445"
"Anne-Frank-Schule","","","Linden","","","","130"
"Brüder-Grimm-Schule","","","Gießen","","","","0"
"Erich-Kästner-Schule","","","Idstein","","","","0"
"Ernst-Reuter-Schule","","","Dietzenbach","","","","0"
"Freiherr-vom-Stein-Schule","","","Hünfelden","","","","0"
"Freiherr-vom-Stein-Schule","","","Immenhausen","","","","0"
"Gesamtschule Schwingbach","","","Hüttenberg","","","","0"
"Geschwister-Scholl-Schule","","","Niddatal","","","","0"
"Hans-Viessmann-Schule","","","Bad Wildungen","","","","0"
"Haupt- und Realschule","","","Nidda","","","","0"
"Heinrich-von-Kleist-Schule","","","Eschborn","","","","0"
"Heinrich-von-Kleist-Schule","","","Wiesbaden","","","","3"
"Helene-Lange-Schule","","","Wiesbaden","","","","3"
"Hildegardisschule","","","Rüdesheim","","","","1"
"Hostato-Schule","","","Frankfurt a.M.","","","","0"
"International Schloss Hansenberg","","","Geisenheim-Johannisberg","","","","0"
"IGS Wallrabenstein","","","Hünstetten","","","","0"
"Kellerskopfschule","","","Wiesbaden","","","","3"
"Konrad-Hänisch-Schule","","","Frankfurt a.M.","","","","0"
"Ludwig-Erhard-Schule","","","Wiesbaden","","","","3"
"MPS Oberer Hüttenberg","","","Butzbach","","","","0"
"Schule am Sportpark","","","Erbach","","","","0"
"Singbergschule","","","Wölfersheim","","","","0"
"Sophie-und-Hans-Scholl-Schule","","","Wiesbaden","","","","3"
"Stadtschule Butzbach","","","","","","","21445"
"Theißtalschule","","","Niedernhausen","","","","0"
"Theodor-Fliedner-Schule","","","Wiesbaden","","","","3"
"Valentin-Traudt-Schule","","","Großalmerode","","","","0"
"Wilhelm-Heinrich-von-Riehl-Schule","","","Wiesbaden","","","","3"
"Baltic-Schule","","","Rostock","","","","45"
"Berufliche Schule","","","Stralsund","","","","19"
"ecolea","","","Rostock","","","","45"
"ecolea","","","Schwerin","","","","20"
"Freie Schule","","","Prerow","","","","0"
"Gymnasium Reutershagen","","","","","","","21445"
"Hundertwasser-GS Rostock","","","","","","","21445"
"Musisches Haus vom Sportgymnasium Neubrandenburg","","","","","","","21445"
"Ostsee-Schule","","","Wismar","","","","11"
"Regionale Schule","","","Domsühl","","","","2"
"Warnowschule","","","Papendorf","","","","1"
"Niedersachsen","","","","","","","21445"
"Agnes-Miegel-Realschule","","","Osnabrück","","","","76"
"Akademie für Wirtschaft und Logistik GmbH","","","Stade","","","","31"
"Albert-Liebmann-Schule","","","Förderschule","Hannover","","","0"
"Alexanderschule Wallenhorst","","","","","","","21445"
"BBS Cuxhaven","","","","","","","21445"
"BBS Elisabeth-Selber-Schule","","","Hameln","","","","30"
"BBS II Delmenhorst","","","","","","","21445"
"BBS Melle","","","","","","","21445"
"BBS Winsen (Luhe)","","","Winsen","","","","17"
"Berthold-Otto-Schule","","","Förderschule","Lehrte","","","0"
"Breeke-Schule","","","Scheeßel","","","","6"
"Cosmetic College","","","Hannover","","","","173"
"Domschule Osnabrück","","","","","","","21445"
"Dr. Klaus-Schmidt-Hauptschule","","","Salzgitter","","","","36"
"Elisabethschule","","","Förderschule Lernen und Sprache","Friesoythe","","","0"
"ES CONCEPTS","","","Lüneburg","","","","36"
"Evangelische IGS Wunstorf","","","","","","","21445"
"Felix Nussbaum Schule","","","Osnabrück","","","","76"
"Fröbelschule Oldenburg","","","","","","","21445"
"Ganztagsschule Beverstedt","","","","","","","21445"
"Gutzmannschule Langenhagen","","","","","","","21445"
"Georg-von-Langen-Schule","","","Holzminden","","","","11"
"Gerhart-Hauptmann-Schule","","","Springe","","","","14"
"GHS Gesmold","","","Melle","","","","24"
"GHS Süderbergschule","","","Hilter","","","","4"
"Grund- und Hauptschule Gildehaus","","","Bad Bentheim","","","","7"
"Grund- und Hauptschule Riemsloh","","","","","","","21445"
"Gymnasium Bruchhausen-Vilsen","","","","","","","21445"
"Gymnasium Vorsfelde","","","Wolfsburg","","","","50"
"Haupt- und Realschule Bohmte","","","","","","","21445"
"Haupt- und Realschule Dörpen","","","","","","","21445"
"Haupt- und Realschule Geschwister-Scholl-Schule","","","Bad Laer","","","","2"
"Haupt- und Realschule Ludwig-Windthorst-Schule","","","Ostercappeln","","","","4"
"Haupt- und Realschule Neuenkirchen","","","","","","","21445"
"Haupt- und Realschule Steimbke","","","","","","","21445"
"Hauptschule Dissen","","","","","","","21445"
"Hauptschule Hoya","","","","","","","21445"
"Heinrich-Behnken-Schule","","","","","","","21445"
"Heinrich-Heine-Schule","","","Hannover","","","","173"
"Heinrich-Nordhoff-Gesamtschule","","","Wolfsburg","","","","50"
"Hellen-Keller-Schule","","","Stolzenau","","","","7"
"HRS Ankum","","","","","","","21445"
"HRS Bissendorf","","","","","","","21445"
"HRS Maximilianschule","","","Haren","","","","11"
"HRS Rosengarten","","","","","","","21445"
"HRS Thomas-Morus-Schule","","","Osnabrück","","","","76"
"HRS Twist – Schule am See","","","Twist","","","","10"
"HS Graf-Wilhelm-Schule","","","Bückeburg","","","","11"
"IGS Kronsberg","","","Hannover","","","","173"
"IGS Linden","","","","","","","21445"
"IGS Roderbruch","","","Hannover","","","","173"
"IGS Vahrensheide-Sahlkamp","","","Hannover","","","","173"
"Inselschule Wangerooge","","","","","","","21445"
"KGS Bad Bevensen Fritz Reuter Schule","","","Bad Bevensen","","","","3"
"KGS-Neustadt","","","","","","","21445"
"KGS Schneverdingen","","","","","","","21445"
"Konrad-Adenauer-Schule","","","Mellendorf","","","","1"
"Kooperative Gesamtschule","","","Großefehn","","","","6"
"Leonardo da Vinci IGS Wolfsburg","","","Wolfsburg","","","","50"
"Leibniz-Realschule Wolfenbüttel","","","","","","","21445"
"Lisa-Tetzner-Schule","","","Barsinghausen","","","","11"
"Ludwig-Windthorst-Schule HRS","","","Rlandorf","","","","0"
"Ludwig-Windthorst-Schule OBS","","","","","","","21445"
"Lukasschule Bassum","","","","","","","21445"
"Michaelschule Papenburg","","","","","","","21445"
"Neue Schule Wolfsburg","","","","","","","21445"
"Oskar Kämmer Bildungswerk Braunschweig mit verschiedenen Standorten","","","","","","","21445"
"Oberschule Jesteburg","","","","","","","21445"
"Pestalozzischule","","","Langenhagen","","","","14"
"Realschule Am Kattenberge","","","Buchholz","","","","58"
"Realschule Badenstedt","","","Hannover","","","","173"
"Realschule Bramsche","","","","","","","21445"
"Realschule Burgdorf","","","","","","","21445"
"Realschule Diepholz","","","","","","","21445"
"Realschule LebenLernen","","","Braunschweig","","","","102"
"Realschule Meckelfeld","","","Seevetal","","","","11"
"Realschule Misburg","","","Hannover","","","","173"
"RS Georgsmarienhütte","","","","","","","21445"
"RS Uetze","","","","","","","21445"
"Schule am Kanstein","","","Salzhemmendorf","","","","3"
"Schule in der Leester Heide","","","Weyhe","","","","10"
"Sophie Scholl Gesamtschule","","","","","","","21445"
"Sophie Scholl Gesamtschule","","","KGS Wennigsen","","","","0"
"Sophie-Scholl-Schule","","","Georgsmarienhütte","","","","11"
"Stadtschule Rodenberg","","","","","","","21445"
"Teutoburger-Wald-Schule","","","Dissen","","","","4"
"Umweltbildungszentrum Schubz","","","Lüneburg","","","","36"
"Von-Ravensberg-Schule","","","Bersenbrück","","","","4"
"Wasserturmschule Wilhelmshaven","","","","","","","21445"
"Werk-statt-Schule","","","Hannover","","","","173"
"Albert-Schweitzer-Schule","","","Herford","","","","33"
"Albert-Schweizer-Realschule","","","Krefeld","","","","71"
"Albrecht-Dürer-Berufskolleg","","","Düsseldorf","","","","179"
"Albrecht-Dürer-Schule","","","Düsseldorf","","","","179"
"Almeschule","","","Büren","","","","12"
"Anna Herrmann Schule","","","Kerpen","","","","21"
"Anne-Frank-Schule","","","Bonn","","","","112"
"Bertha-Krupp-Realschule","","","Essen","","","","186"
"Berufskolleg am Kothen","","","Wuppertal","","","","110"
"Berufskolleg am Tor 6","","","Bielefeld","","","","117"
"Berufskolleg Bachstraße","","","Düsseldorf","","","","179"
"Berufskolleg Deutzer Freiheit","","","Köln","","","","324"
"Berufskolleg Elberfeld","","","Wuppertal","","","","110"
"Berufskolleg Niederberg","","","Velbert","","","","31"
"BK Alsdorf","","","","","","","21445"
"BK an der Lindenstraße","","","Köln","","","","324"
"BK an der Lindenstraße","","","Köln","","","","324"
"BK Barmen Europaschule","","","Wuppertal","","","","110"
"BK Castrop-Rauxel","","","","","","","21445"
"BK Ehrenfeld","","","Köln","","","","324"
"BK für Wirtschaft und Verwaltung des Kreises Höxter","","","","","","","21445"
"BK Hermann-Gmeiner","","","Moers","","","","31"
"BK Hilden","","","","","","","21445"
"BK Kartäuser Wall","","","Köln","","","","324"
"BK Kohlstraße","","","Wuppertal","","","","110"
"BK Technik","","","Remscheid","","","","40"
"BK WuV Ahaus","","","","","","","21445"
"BK WuV der Stadt Herne","","","","","","","21445"
"Börde-Berufskolleg","","","Soest","","","","28"
"Coach e.V.","","","Eichendorff RS Köln","","","","0"
"Dieter-Forte-Gesamtschule","","","Düsseldorf","","","","179"
"Dr. Kürten-Schule","","","Hürth","","","","19"
"Edith-Stein-Schule","","","Geseke","","","","10"
"Ems-BK für Wirtschaft und Verwaltung des Kreises Gütersloh","","","Rheda-Wiedenbrück","","","","16"
"Erlenbachschule","","","Hamm","","","","99"
"Erzbischöfliches Irmgardis-Gymnasium","","","Köln","","","","324"
"Falkschule","","","Hamm","","","","99"
"Franz-Jürgens-Berufskolleg","","","Düsseldorf","","","","179"
"Freie Christliche Schule","","","Düsseldorf","","","","179"
"Friedrich-List-Berufskolleg Bonn","","","","","","","21445"
"Friedrich-List-Berufskolleg","","","Hamm","","","","99"
"Gertrud-Bäumer-Berufskolleg","","","Lüdenscheid","","","","28"
"Gesamtschule Else-Lasker-Schüler","","","Wuppertal","","","","110"
"Gesamtschule Walsum","","","Duisburg","","","","149"
"Gesamtschule Köln-Nippes","","","","","","","21445"
"GHS Dumont-Lindemann","","","Düsseldorf","","","","179"
"GHS Graf-Recke-Str.","","","Düsseldorf","","","","179"
"GHS In den Haesen","","","Duisburg","","","","149"
"Gustav-Heinemann-Schule","","","Mühlheim","","","","0"
"Gymnasium Rodenkirchen","","","","","","","21445"
"Hans-Böckler Berufskolleg","","","Köln","","","","324"
"Hans-Böckler-BK","","","Marl/Haltern","","","","0"
"Hauptschule der Stadt Bünde","","","","","","","21445"
"Hauptschule Möhnetal","","","Belecke","","","","0"
"Heinrich Hertz Berufskolleg","","","Düsseldorf","","","","179"
"Hermann-Schmidt-Schule","","","Paderborn","","","","57"
"HPG Brinckmannstr","","","Düsseldorf","","","","179"
"HS Bünde","","","Bielefeld","","","","117"
"HS Uellendahl","","","Wuppertal","","","","110"
"HS Westerfilde","","","Dortmund","","","","179"
"HSK Wuppertal","","","","","","","21445"
"HS Reutlinger Straße","","","Köln","","","","324"
"Intergrierte Gesamtschule Köln-Innenstadt","","","","","","","21445"
"Johannes-Gutenberg-Realschule","","","Bergisch-Gladbach","","","","0"
"Joseph-DuMont-Berufskolleg","","","Köln","","","","324"
"Joseph-Dumont-BK","","","Köln","","","","324"
"Käthe-Kollwitz BK","","","Remscheid","","","","40"
"Kinderhaus Winnacker","","","Wuppertal","","","","110"
"Kolkrabenschule","","","Köln","","","","324"
"Kopernikusschule","","","Hamm","","","","99"
"Kuhlenkampschule","","","Minden","","","","34"
"Kausa","","","Servicestelle Köln","Ausbildung jetzt","","","0"
"Lernende Region – Netzwerk Köln","","","","","","","21445"
"Lippe-Berufskolleg","","","Lippstadt","","","","29"
"Lisa-Tetzner-Schule","","","Schloß Holte Stukenbrock","","","","0"
"Lohschule","","","Hamm","","","","99"
"Marienschule","","","Emsdetten","","","","13"
"Martin Luther King Schule","","","Düsseldorf","","","","179"
"Martin-Luther-Schule","","","Hamm","","","","99"
"Max-Weber-Berufskolleg","","","Düsseldorf","","","","179"
"Meinwerkschule","","","Paderborn","","","","57"
"MÖFA Köln","","","","","","","21445"
"Nell-Breuning-BK","","","Frechen","","","","15"
"Overbergschule","","","Werl","","","","18"
"Parkschule","","","Hamm","","","","99"
"Pauline-Schule LWL","","","Paderborn","","","","57"
"Pestalozzi-Schule_Brühl","","","","","","","21445"
"Private Herder-Schule","","","Wuppertal","","","","110"
"Realschule Belecke","","","","","","","21445"
"Realschule Enger","","","","","","","21445"
"Realschule Kastanienallee Velbert","","","Velbert","","","","31"
"Realschule Lassallestraße Köln- Mülheim","","","","","","","21445"
"Reinhard-Mohn-Berufskolleg","","","Gütersloh","","","","37"
"Rheinflanke gGmbH","","","Köln","","","","324"
"Realschule Godorf","","","Köln","","","","324"
"Realschule Mülheim","","","","","","","21445"
"Regionales Bildungsbüro","","","Stadt Köln","","","","0"
"Richard Riemerschmidt-Berufskolleg","","","Köln","","","","324"
"Rudolf-Rempel-Berufskolleg","","","Bielefeld","","","","117"
"Ruth-Cohn-Schule","","","Arnsberg","","","","36"
"Schule am Kanstein","","","Salzhemmendorf","","","","3"
"Städtische Förderschule Lernen","","","Köln","","","","324"
"Städtische RS Waldbröl","","","","","","","21445"
"Staatl. BK Glas","","","Keramik","Gestaltung Rheinbach","","","0"
"Tages-und Abendschule Köln","","","","","","","21445"
"Theodor-Heuss-Schule","","","Krefeld","","","","71"
"Thomas-Eßer-Berufskolleg","","","Euskirchen","","","","24"
"Ursula-Kuhr-Schule","","","Köln","","","","324"
"Vatentin-Traudt-Schule","","","Großalmerode","","","","0"
"Walter-Eucken-Berufskolleg","","","Düsseldorf","","","","179"
"Willy-Brandt-Gesamtschule","","","Köln-Höhenhaus","","","","0"
"Willy-Brandt-Gesamtschule","","","Kerpen","","","","21"
"Karolina-Burger-Realschule","","","Ludwigshafen","","","","0"
"Pamina Schulzentrum","","","Herxheim","","","","0"
"Robert-Koch-Schule","","","Linz am Rhein","","","","0"
"Westend Realschule","","","Worms","","","","2"
"Erweiterte RS Homburg","","","","","","","21445"
"Berufsbildende Schulen Burgenlandkreis","","","Weißenfels","","","","20"
"Gesamtschule im Gartenreich","","","Oranienbaum-Wörlitz","","","","3"
"Koop. Gesamtschule Ulrich von Hutten","","","Halle (Saale)","","","","78"
"Kooperative Gesamtschule “W. v. Humboldt”","","","Halle","","","","117"
"Regenbogenschule Landsberg","","","","","","","21445"
"Sek. “Am Park”","","","Möckern","","","","5"
"Sek. “Am Petersberg”","","","Wallwitz","","","","2"
"Sek. A. H. Francke","","","Halle","","","","117"
"Sek. An der Elbe","","","Parey","","","","3"
"Sek. Annaburg","","","","","","","21445"
"Sek. Ciervisti","","","Zerbst","","","","13"
"Sek. Comenius","","","Bitterfeld","","","","17"
"Sek. Comenius","","","Salzwedel","","","","15"
"Sek. Friedrich Schiller","","","Halle","","","","117"
"Sek. I","","","Bitterfeld-Wolfen","","","","15"
"Sek. J. G. Borlach","","","Bad Dürrenberg","","","","4"
"Sek. LebenLernen","","","Scheidlingen","","","","0"
"Sek. Roitzsch","","","","","","","21445"
"Sek. Thomas Müntzer","","","Wernigerode","","","","15"
"Sek. Völkerfreundschaft","","","Köthen","","","","11"
"Sek. Wanzleben","","","","","","","21445"
"Sekundarschule “Am Baumschulenweg”","","","Genthin","","","","7"
"Sekundarschule Albrecht Dürer","","","Merseburg","","","","22"
"Ganztagschule Burgbreite Wernigerode","","","","","","","21445"
"Geschwister-scholl-Gymnasium Magdeburg","","","","","","","21445"
"Geschwister Scholl Gymnasium Gardelegen","","","","","","","21445"
"Sekundarschule Benndorf","","","","","","","21445"
"Dr.-Christoph Hufeland Oberschule","","","","","","","21445"
"16. Oberschule Leipzig","","","","","","","21445"
"Oberschule Bad Düben","","","","","","","21445"
"Oberschule Paunsdorf","","","","","","","21445"
"Oberschule Taucha","","","","","","","21445"
"Wiprecht-Gymnasium Groitzsch","","","","","","","21445"
"Freie Montessorischule Huckepack e.V. Dresden","","","","","","","21445"
"Oberschule Ebersbach","","","","","","","21445"
"Semper College Berufliches Gymnasium","","","Dresden","","","","297"
"Semper Schulen Media gGmbH","","","","","","","21445"
"Schule am Weißeplatz","","","Leipzig","","","","304"
"Trias Oberschule Elsterberg","","","","","","","21445"
"Bergschule Fockbek","","","","","","","21445"
"Cäsar-Klein-Schule","","","Gemeinschaftsschule mit Gymnasium","Ratekau","","","0"
"Dietrich-Bonhoeffer-Schule","","","Gemeinschaftsschule","Kaltenkirchen","","","0"
"Dorothea-Schlözer-Schule","","","Lübeck","","","","59"
"Eider-Treene-Schule","","","Gemeinschaftsschule mit Oberstufe i. E. der Stadt Tönning","","","","0"
"Ernst-Barlach-Gymnasium","","","Kiel","","","","68"
"Ernst-Barlach-Schule","","","Wedel","","","","8"
"Fridtjof-Nansen-Schule","","","Kiel","","","","68"
"Gemeinschaftsschule Altenholz","","","Altenholz","","","","4"
"Gemeinschaftsschule Auenland","","","Bad Bramstedt","","","","6"
"GemS Flensburg West","","","","","","","21445"
"GemS Husum Nord","","","","","","","21445"
"GemS im Schulzentrum","","","Bad Segeberg","","","","9"
"GemS Süderbrarup","","","","","","","21445"
"Gemeinschaftsschule Kronshagen","","","Kronshagen","","","","4"
"Gemeinschaftsschule am Marschweg","","","","","","","21445"
"Gemeinschaftsschule Meldorf","","","Meldorf","","","","6"
"Gemeinschaftsschule Wilster","","","Wilster","","","","2"
"GHW Schönkirchen","","","","","","","21445"
"GS Halstenbek","","","","","","","21445"
"Gs&GemS Scharbeutz","","","","","","","21445"
"Gustav-Heinemann-Schule","","","Förderzentrum Steinburg Nordost","Hohenlockstedt","","","0"
"Gymnasium Marne","","","Marne","","","","2"
"Hans-Böckler-Schule","","","Neumünster","","","","28"
"Heinrich-Heine-Schule","","","Gemeinschaftsschule","Büdelsdorf","","","0"
"Hermann-Tast-Schule","","","Gymnasium","Husum","","","14"
"Löhmannschule","","","Flensburg","","","","32"
"Max-Tau-Schule","","","Kiel","","","","68"
"Meldorfer Gelehrtenschule","","","Gymnasium","Meldorf","","","14"
"Pestalozzischule","","","Ratzeburg","","","","7"
"RS Ramskamp","","","Elmshorn","","","","15"
"Regionales Berufsbildungszentrum – Eckener Schule","","","Flensberg","","","","1"
"Sachsenwaldschule","","","Gymnasium","Reinbek","","","14"
"Sophie-Scholl-Gymnasium","","","Itzehoe","","","","15"
"Theodor-Storm-Dörfergemeinschaftsschule","","","Han-Had.","","","","0"
"Wilhelm-Käber-Schule","","","Gemeinschaftsschule","Hohenlockstedt","","","0"
"Deutsche Kinder- und Jugendstiftung","","","Regionalstelle Thüringen","","","","0"
"Heilpädagogisches Zentrum","","","Wühlfingerode","","","","0"
"Hermann-Lietz-Schule","","","Haubinda","","","","1"
"Integrierte Gesamtschule der AWO Rudolstadt","","","","","","","21445"
"Klosterschule Roßleben","","","","","","","21445"
"Marie-Curie-Gymnasium","","","Bad Berka","","","","4"
"SBSZ Jena-Göschwitz","","","","","","","21445"
"TGS Stadtilm","","","","","","","21445"
"Thomas-Mann_Schule Erfurt","","","","","","","21445"
"Georg-Sauel-Dörffel-Gymnasium Weida","","","","","","","21445"
"Lyonel-Feininger-Gymnasium Melling","","","","","","","21445"
"Oskar-Gründler-Gymnasium Gebesee","","","","","","","21445"
"Staatliches Gymnasium “Goetheschule Ilmenau”","","","","","","","21445"